ei6jsg,t3_ei6jsg,0,5,1.0,False,False
ei7dwt,t3_ei7dwt,6,6,1.0,False,False
ei7ou0,t3_ei7ou0,4,3,1.0,False,False
ei9pey,t3_ei9pey,3,22,1.0,False,False
eiauob,t3_eiauob,9,13,0.9,False,False
eid5nw,t3_eid5nw,7,15,0.86,False,False
eidj07,t3_eidj07,1,13,0.94,False,False
eie6di,t3_eie6di,1,2,1.0,False,False
eiezis,t3_eiezis,2,2,1.0,False,False
eifdhf,t3_eifdhf,7,3,1.0,False,False
eigot5,t3_eigot5,6,6,0.88,False,False
eihvrq,t3_eihvrq,2,23,0.97,False,False
eii7yi,t3_eii7yi,9,54,0.93,False,False
eikw9g,t3_eikw9g,4,13,0.94,False,False
eikwkx,t3_eikwkx,4,3,1.0,False,False
eikx79,t3_eikx79,1,11,0.87,False,False
eimk9z,t3_eimk9z,11,14,0.95,False,False
eimxbu,t3_eimxbu,4,13,0.94,False,False
ein2mi,t3_ein2mi,21,13,1.0,False,False
eiolxi,t3_eiolxi,0,8,0.91,False,False
eipbvk,t3_eipbvk,8,3,1.0,False,False
eiqwh6,t3_eiqwh6,17,161,1.0,False,False
eiryll,t3_eiryll,1,19,1.0,False,False
eix5or,t3_eix5or,15,33,0.88,False,False
eixwkf,t3_eixwkf,2,2,1.0,False,False
eiyp5h,t3_eiyp5h,3,1,1.0,False,False
ej0ouu,t3_ej0ouu,12,54,0.94,False,False
ej2dok,t3_ej2dok,2,4,0.75,False,False
ej2rc5,t3_ej2rc5,1,0,0.5,False,False
ej6wpc,t3_ej6wpc,5,3,1.0,False,False
ej8fy4,t3_ej8fy4,13,8,0.85,False,False
ej9skq,t3_ej9skq,8,4,0.84,False,False
ej9xi7,t3_ej9xi7,0,1,1.0,False,False
ei6jsg,t3_ei6jsg,0,3,0.81,False,False
ei7dwt,t3_ei7dwt,6,6,1.0,False,False
ei7ou0,t3_ei7ou0,4,3,1.0,False,False
ei9pey,t3_ei9pey,3,21,1.0,False,False
eiauob,t3_eiauob,9,12,0.89,False,False
eid5nw,t3_eid5nw,7,16,0.86,False,False
eidj07,t3_eidj07,1,14,1.0,False,False
eie6di,t3_eie6di,1,2,1.0,False,False
eiezis,t3_eiezis,2,2,1.0,False,False
eifdhf,t3_eifdhf,7,3,1.0,False,False
eigot5,t3_eigot5,6,8,1.0,False,False
eihvrq,t3_eihvrq,2,23,1.0,False,False
eii7yi,t3_eii7yi,9,58,0.95,False,False
eikw9g,t3_eikw9g,4,13,0.94,False,False
eikwkx,t3_eikwkx,4,3,1.0,False,False
eikx79,t3_eikx79,1,12,0.88,False,False
eimk9z,t3_eimk9z,11,16,1.0,False,False
eimxbu,t3_eimxbu,4,14,0.9,False,False
ein2mi,t3_ein2mi,21,13,1.0,False,False
eiolxi,t3_eiolxi,0,9,1.0,False,False
eipbvk,t3_eipbvk,8,3,1.0,False,False
eiqwh6,t3_eiqwh6,17,160,1.0,False,False
eiryll,t3_eiryll,1,19,1.0,False,False
eix5or,t3_eix5or,15,34,0.92,False,False
eixwkf,t3_eixwkf,2,2,1.0,False,False
eiyp5h,t3_eiyp5h,3,1,1.0,False,False
ej0ouu,t3_ej0ouu,12,55,0.96,False,False
ej2dok,t3_ej2dok,2,6,0.87,False,False
ej2rc5,t3_ej2rc5,1,0,0.5,False,False
ej6wpc,t3_ej6wpc,5,3,1.0,False,False
ej8fy4,t3_ej8fy4,13,9,0.92,False,False
ej9skq,t3_ej9skq,8,5,1.0,False,False
ej9xi7,t3_ej9xi7,0,1,1.0,False,False
ejc1az,t3_ejc1az,14,21,1.0,False,False
ejcctg,t3_ejcctg,0,1,0.99,False,False
ejcd3c,t3_ejcd3c,0,2,1.0,False,False
ejef2d,t3_ejef2d,4,43,0.87,False,False
ei6jsg,t3_ei6jsg,0,5,1.0,False,False
ei7dwt,t3_ei7dwt,6,6,1.0,False,False
ei7ou0,t3_ei7ou0,4,3,1.0,False,False
ei9pey,t3_ei9pey,3,22,1.0,False,False
eiauob,t3_eiauob,9,16,1.0,False,False
eid5nw,t3_eid5nw,7,15,0.86,False,False
eidj07,t3_eidj07,1,14,1.0,False,False
eie6di,t3_eie6di,1,2,1.0,False,False
eiezis,t3_eiezis,2,2,1.0,False,False
eifdhf,t3_eifdhf,7,3,1.0,False,False
eigot5,t3_eigot5,6,7,1.0,False,False
eihvrq,t3_eihvrq,2,23,1.0,False,False
eii7yi,t3_eii7yi,9,54,0.92,False,False
eikw9g,t3_eikw9g,4,13,0.94,False,False
eikwkx,t3_eikwkx,4,3,1.0,False,False
eikx79,t3_eikx79,1,11,0.87,False,False
eimk9z,t3_eimk9z,11,14,0.95,False,False
eimxbu,t3_eimxbu,4,14,0.9,False,False
ein2mi,t3_ein2mi,21,13,1.0,False,False
eiolxi,t3_eiolxi,0,9,0.92,False,False
eipbvk,t3_eipbvk,8,3,1.0,False,False
eiqwh6,t3_eiqwh6,17,161,1.0,False,False
eiryll,t3_eiryll,1,17,0.96,False,False
eix5or,t3_eix5or,15,31,0.9,False,False
eixwkf,t3_eixwkf,2,2,1.0,False,False
eiyp5h,t3_eiyp5h,3,1,1.0,False,False
ej0ouu,t3_ej0ouu,12,52,0.93,False,False
ej2dok,t3_ej2dok,2,5,0.86,False,False
ej2rc5,t3_ej2rc5,1,0,0.5,False,False
ej6wpc,t3_ej6wpc,5,3,1.0,False,False
ej8fy4,t3_ej8fy4,13,11,1.0,False,False
ej9skq,t3_ej9skq,8,4,1.0,False,False
ej9xi7,t3_ej9xi7,0,1,1.0,False,False
ejc1az,t3_ejc1az,14,20,1.0,False,False
ejcctg,t3_ejcctg,0,1,0.99,False,False
ejcd3c,t3_ejcd3c,0,2,1.0,False,False
ejef2d,t3_ejef2d,4,43,0.86,False,False
ejferv,t3_ejferv,2,1,1.0,False,False
ejfob9,t3_ejfob9,3,3,0.81,False,False
ejh42o,t3_ejh42o,5,1,1.0,False,False
ejho1q,t3_ejho1q,14,5,0.86,False,False
eji55u,t3_eji55u,2,2,1.0,False,False
ejipss,t3_ejipss,8,7,1.0,False,False
ejk66n,t3_ejk66n,4,6,1.0,False,False
ejkedk,t3_ejkedk,5,9,0.92,False,False
ejl4f5,t3_ejl4f5,7,9,1.0,False,False
ejpcmb,t3_ejpcmb,22,25,0.86,False,False
ejpmyn,t3_ejpmyn,13,15,0.94,False,False
ejpuy8,t3_ejpuy8,3,5,0.86,False,False
ejuwsj,t3_ejuwsj,0,1,1.0,False,False
ejv1cb,t3_ejv1cb,26,212,1.0,False,False
ejv389,t3_ejv389,26,19,0.93,False,False
ejv84t,t3_ejv84t,2,6,0.88,False,False
ejytpn,t3_ejytpn,11,1,1.0,False,False
ejzwz7,t3_ejzwz7,11,53,0.95,False,False
ek2u2k,t3_ek2u2k,14,20,0.96,False,False
ek37ri,t3_ek37ri,2,1,0.67,False,False
ek3ai3,t3_ek3ai3,9,3,0.72,False,False
ek3yb7,t3_ek3yb7,9,2,1.0,False,False
ek65bq,t3_ek65bq,9,14,1.0,False,False
ek87xa,t3_ek87xa,8,3,0.67,False,False
ek8v0e,t3_ek8v0e,14,49,0.93,False,False
ekbcme,t3_ekbcme,7,1,0.67,False,False
ekbw57,t3_ekbw57,6,6,1.0,False,False
ekc607,t3_ekc607,11,13,0.84,False,False
ekdngq,t3_ekdngq,5,5,0.86,False,False
ekgoxp,t3_ekgoxp,0,2,1.0,False,False
ekhr95,t3_ekhr95,2,2,1.0,False,False
ekhvaz,t3_ekhvaz,1,4,1.0,False,False
ekhx3l,t3_ekhx3l,15,19,0.96,False,False
ekhybv,t3_ekhybv,1,3,1.0,False,False
ekjega,t3_ekjega,3,2,0.67,False,False
ekjwe0,t3_ekjwe0,2,5,0.78,False,False
ekkl1x,t3_ekkl1x,3,3,1.0,False,False
ekohlr,t3_ekohlr,1,1,0.67,False,False
ekqzj1,t3_ekqzj1,2,3,0.81,False,False
ekr5ek,t3_ekr5ek,15,54,0.98,False,False
eks8sj,t3_eks8sj,2,3,1.0,False,False
eksj46,t3_eksj46,5,20,0.96,False,False
eksta4,t3_eksta4,1,2,1.0,False,False
ekt7v3,t3_ekt7v3,4,4,0.84,False,False
ektaey,t3_ektaey,14,3,1.0,False,False
ekujhg,t3_ekujhg,0,1,1.0,False,False
ekvawt,t3_ekvawt,6,12,0.88,False,False
ekw3qk,t3_ekw3qk,0,5,0.86,False,False
ekx26h,t3_ekx26h,2,2,1.0,False,False
ekx4zb,t3_ekx4zb,6,5,0.86,False,False
ekxhu7,t3_ekxhu7,4,5,0.86,False,False
ekzxf1,t3_ekzxf1,3,3,1.0,False,False
el0g1t,t3_el0g1t,4,3,0.81,False,False
el1rcu,t3_el1rcu,9,30,0.89,False,False
el35n5,t3_el35n5,2,3,1.0,False,False
el38k7,t3_el38k7,1,3,1.0,False,False
el3t4a,t3_el3t4a,2,2,1.0,False,False
el44ja,t3_el44ja,16,9,0.92,False,False
el5ar8,t3_el5ar8,14,6,1.0,False,False
el5qet,t3_el5qet,24,7,0.74,False,False
el7hp9,t3_el7hp9,0,100,0.99,False,False
el8i4x,t3_el8i4x,1,2,1.0,False,False
el8oq7,t3_el8oq7,32,22,0.97,False,False
ei6jsg,t3_ei6jsg,0,3,0.81,False,False
ei7dwt,t3_ei7dwt,6,5,0.86,False,False
ei7ou0,t3_ei7ou0,4,3,1.0,False,False
ei9pey,t3_ei9pey,3,21,0.97,False,False
eiauob,t3_eiauob,9,15,0.95,False,False
eid5nw,t3_eid5nw,7,15,0.86,False,False
eidj07,t3_eidj07,1,14,1.0,False,False
eie6di,t3_eie6di,1,2,1.0,False,False
eiezis,t3_eiezis,2,2,1.0,False,False
eifdhf,t3_eifdhf,7,3,1.0,False,False
eigot5,t3_eigot5,6,8,1.0,False,False
eihvrq,t3_eihvrq,2,23,1.0,False,False
eii7yi,t3_eii7yi,9,53,0.93,False,False
eikw9g,t3_eikw9g,4,13,0.94,False,False
eikwkx,t3_eikwkx,4,3,1.0,False,False
eikx79,t3_eikx79,1,13,0.89,False,False
eimk9z,t3_eimk9z,11,15,0.95,False,False
eimxbu,t3_eimxbu,4,13,0.94,False,False
ein2mi,t3_ein2mi,21,14,1.0,False,False
eiolxi,t3_eiolxi,0,9,1.0,False,False
eipbvk,t3_eipbvk,8,3,1.0,False,False
eiqwh6,t3_eiqwh6,17,164,1.0,False,False
eiryll,t3_eiryll,1,18,0.96,False,False
eix5or,t3_eix5or,15,34,0.91,False,False
eixwkf,t3_eixwkf,2,2,1.0,False,False
eiyp5h,t3_eiyp5h,3,1,1.0,False,False
ej0ouu,t3_ej0ouu,12,51,0.93,False,False
ej2dok,t3_ej2dok,2,6,0.87,False,False
ej2rc5,t3_ej2rc5,1,0,0.5,False,False
ej6wpc,t3_ej6wpc,5,3,1.0,False,False
ej8fy4,t3_ej8fy4,13,10,1.0,False,False
ej9skq,t3_ej9skq,8,4,1.0,False,False
ej9xi7,t3_ej9xi7,0,1,1.0,False,False
ejc1az,t3_ejc1az,14,20,1.0,False,False
ejcctg,t3_ejcctg,0,1,0.99,False,False
ejcd3c,t3_ejcd3c,0,2,1.0,False,False
ejef2d,t3_ejef2d,4,41,0.85,False,False
ejferv,t3_ejferv,2,1,1.0,False,False
ejfob9,t3_ejfob9,3,3,0.81,False,False
ejh42o,t3_ejh42o,5,1,1.0,False,False
ejho1q,t3_ejho1q,14,5,0.86,False,False
eji55u,t3_eji55u,2,2,1.0,False,False
ejipss,t3_ejipss,8,7,1.0,False,False
ejk66n,t3_ejk66n,4,6,1.0,False,False
ejkedk,t3_ejkedk,5,10,1.0,False,False
ejl4f5,t3_ejl4f5,7,9,0.92,False,False
ejpcmb,t3_ejpcmb,22,26,0.87,False,False
ejpmyn,t3_ejpmyn,13,13,0.89,False,False
ejpuy8,t3_ejpuy8,3,5,1.0,False,False
ejuwsj,t3_ejuwsj,0,1,1.0,False,False
ejv1cb,t3_ejv1cb,26,212,1.0,False,False
ejv389,t3_ejv389,26,22,1.0,False,False
ejv84t,t3_ejv84t,2,5,0.86,False,False
ejytpn,t3_ejytpn,11,1,1.0,False,False
ejzwz7,t3_ejzwz7,11,52,0.94,False,False
ek2u2k,t3_ek2u2k,14,20,0.93,False,False
ek37ri,t3_ek37ri,2,1,0.67,False,False
ek3ai3,t3_ek3ai3,9,3,0.8,False,False
ek3yb7,t3_ek3yb7,9,2,1.0,False,False
ek65bq,t3_ek65bq,9,14,1.0,False,False
ek87xa,t3_ek87xa,8,3,0.71,False,False
ek8v0e,t3_ek8v0e,14,48,0.93,False,False
ekbcme,t3_ekbcme,7,1,0.67,False,False
ekbw57,t3_ekbw57,6,6,1.0,False,False
ekc607,t3_ekc607,11,13,0.84,False,False
ekdngq,t3_ekdngq,5,6,1.0,False,False
ekgoxp,t3_ekgoxp,0,2,1.0,False,False
ekhr95,t3_ekhr95,2,2,1.0,False,False
ekhvaz,t3_ekhvaz,1,4,1.0,False,False
ekhx3l,t3_ekhx3l,15,20,1.0,False,False
ekhybv,t3_ekhybv,1,3,1.0,False,False
ekjega,t3_ekjega,3,2,0.67,False,False
ekjwe0,t3_ekjwe0,2,3,0.67,False,False
ekkl1x,t3_ekkl1x,3,3,1.0,False,False
ekohlr,t3_ekohlr,1,1,0.67,False,False
ekqzj1,t3_ekqzj1,2,5,1.0,False,False
ekr5ek,t3_ekr5ek,15,53,0.97,False,False
eks8sj,t3_eks8sj,2,3,1.0,False,False
eksj46,t3_eksj46,5,21,1.0,False,False
eksta4,t3_eksta4,1,2,1.0,False,False
ekt7v3,t3_ekt7v3,4,4,0.84,False,False
ektaey,t3_ektaey,14,3,1.0,False,False
ekujhg,t3_ekujhg,0,1,1.0,False,False
ekvawt,t3_ekvawt,6,14,0.94,False,False
ekw3qk,t3_ekw3qk,0,5,0.86,False,False
ekx26h,t3_ekx26h,2,2,1.0,False,False
ekx4zb,t3_ekx4zb,6,6,1.0,False,False
ekxhu7,t3_ekxhu7,4,5,1.0,False,False
ekzxf1,t3_ekzxf1,3,3,1.0,False,False
el0g1t,t3_el0g1t,4,4,1.0,False,False
el1rcu,t3_el1rcu,9,32,0.92,False,False
el35n5,t3_el35n5,2,3,1.0,False,False
el38k7,t3_el38k7,1,3,1.0,False,False
el3t4a,t3_el3t4a,2,2,1.0,False,False
el44ja,t3_el44ja,16,10,1.0,False,False
el5ar8,t3_el5ar8,14,5,0.86,False,False
el5qet,t3_el5qet,24,7,0.74,False,False
el7hp9,t3_el7hp9,0,99,0.99,False,False
el8i4x,t3_el8i4x,1,2,1.0,False,False
el8oq7,t3_el8oq7,32,24,1.0,False,False
el9gvt,t3_el9gvt,10,1,0.67,False,False
ela89z,t3_ela89z,3,2,0.67,False,False
elavhe,t3_elavhe,10,13,0.94,False,False
elbq4u,t3_elbq4u,0,1,1.0,False,False
elc8gu,t3_elc8gu,3,5,0.85,False,False
elc98s,t3_elc98s,9,1,1.0,False,False
elcsig,t3_elcsig,0,1,1.0,False,False
eldch4,t3_eldch4,3,43,0.92,False,False
elep45,t3_elep45,0,1,1.0,False,False
elf9js,t3_elf9js,12,6,0.81,False,False
elg0ou,t3_elg0ou,1,2,1.0,False,False
elg8hw,t3_elg8hw,27,59,0.93,False,False
elghvv,t3_elghvv,3,2,1.0,False,False
elibn8,t3_elibn8,1,2,1.0,False,False
eliwcl,t3_eliwcl,2,3,1.0,False,False
elk7zz,t3_elk7zz,2,4,1.0,False,False
ell6rr,t3_ell6rr,2,3,0.72,False,False
elskmq,t3_elskmq,9,143,0.99,False,False
elswgh,t3_elswgh,8,2,1.0,False,False
eltlwh,t3_eltlwh,4,3,1.0,False,False
elubb0,t3_elubb0,8,2,1.0,False,False
eluw3z,t3_eluw3z,2,3,0.81,False,False
elvmfw,t3_elvmfw,0,1,1.0,False,False
elvytb,t3_elvytb,0,1,1.0,False,False
elxv7u,t3_elxv7u,10,17,0.85,False,False
elxxmb,t3_elxxmb,11,2,0.75,False,False
elzcel,t3_elzcel,9,18,0.96,False,False
em111j,t3_em111j,7,1,0.6,False,False
em18hs,t3_em18hs,1,1,0.6,False,False
em461y,t3_em461y,9,2,0.76,False,False
em7bbq,t3_em7bbq,16,55,0.94,False,False
em7pc7,t3_em7pc7,7,24,0.94,False,False
em7tog,t3_em7tog,0,1,1.0,False,False
em8dih,t3_em8dih,14,11,1.0,False,False
em9okd,t3_em9okd,0,19,0.87,False,False
emcf4j,t3_emcf4j,0,2,1.0,False,False
emcmi0,t3_emcmi0,6,14,0.95,False,False
eme5zk,t3_eme5zk,6,5,1.0,False,False
emehny,t3_emehny,26,129,0.98,False,False
emfh0j,t3_emfh0j,3,3,1.0,False,False
emi8j4,t3_emi8j4,7,3,0.81,False,False
emlb0r,t3_emlb0r,34,92,0.99,False,False
emm60y,t3_emm60y,4,5,0.86,False,False
emmu4v,t3_emmu4v,0,1,1.0,False,False
emnwmx,t3_emnwmx,13,2,1.0,False,False
emo8rb,t3_emo8rb,4,4,0.84,False,False
emodfv,t3_emodfv,0,1,1.0,False,False
empzmz,t3_empzmz,4,8,1.0,False,False
emqnkg,t3_emqnkg,4,7,1.0,False,False
emr69y,t3_emr69y,14,3,0.8,False,False
emran7,t3_emran7,20,139,0.98,False,False
emrl1w,t3_emrl1w,1,30,0.95,False,False
emruy1,t3_emruy1,4,1,1.0,False,False
emrw3y,t3_emrw3y,6,2,0.62,False,False
ems3h2,t3_ems3h2,1,1,1.0,False,False
ems62m,t3_ems62m,6,5,1.0,False,False
emtlmo,t3_emtlmo,2,3,1.0,False,False
emtvso,t3_emtvso,7,5,0.86,False,False
emvk41,t3_emvk41,11,2,1.0,False,False
emvkgu,t3_emvkgu,3,3,1.0,False,False
emxo15,t3_emxo15,16,2,1.0,False,False
en16oj,t3_en16oj,17,107,0.98,False,False
en1wxs,t3_en1wxs,0,6,1.0,False,False
en4bdb,t3_en4bdb,14,18,0.96,False,False
en4h1g,t3_en4h1g,4,1,0.54,False,False
en5k0n,t3_en5k0n,2,8,1.0,False,False
en6ym7,t3_en6ym7,26,25,0.94,False,False
en71a3,t3_en71a3,0,1,1.0,False,False
ena0qk,t3_ena0qk,6,2,1.0,False,False
enays1,t3_enays1,25,25,0.94,False,False
enbdky,t3_enbdky,2,2,0.76,False,False
enfkhp,t3_enfkhp,151,89,0.83,False,False
eng6os,t3_eng6os,5,6,1.0,False,False
enhbfi,t3_enhbfi,5,1,1.0,False,False
enmbax,t3_enmbax,2,3,1.0,False,False
enmbv4,t3_enmbv4,10,93,0.98,False,False
enml9o,t3_enml9o,1,17,1.0,False,False
enp1o6,t3_enp1o6,18,72,0.97,False,False
enpnsk,t3_enpnsk,10,47,1.0,False,False
enr2sl,t3_enr2sl,2,13,0.93,False,False
ens05d,t3_ens05d,2,2,1.0,False,False
ent6t4,t3_ent6t4,6,2,1.0,False,False
enth3e,t3_enth3e,22,16,1.0,False,False
entw6b,t3_entw6b,5,4,0.84,False,False
envjyo,t3_envjyo,6,2,1.0,False,False
enwrp0,t3_enwrp0,3,3,0.81,False,False
enzkt5,t3_enzkt5,1,11,0.93,False,False
eo0son,t3_eo0son,5,36,0.98,False,False
eo1211,t3_eo1211,2,1,1.0,False,False
eo2j7v,t3_eo2j7v,11,17,0.9,False,False
eo3cp6,t3_eo3cp6,7,25,0.94,False,False
eo5h6q,t3_eo5h6q,11,1,1.0,False,False
eo74xt,t3_eo74xt,6,2,1.0,False,False
eo7s8d,t3_eo7s8d,2,4,0.84,False,False
eo8d30,t3_eo8d30,3,8,1.0,False,False
eo8xns,t3_eo8xns,7,2,1.0,False,False
eo8zbj,t3_eo8zbj,2,3,1.0,False,False
eo9mxz,t3_eo9mxz,24,90,0.98,False,False
eo9y7y,t3_eo9y7y,1,1,0.67,False,False
eoae7e,t3_eoae7e,6,1,1.0,False,False
ei6jsg,t3_ei6jsg,0,3,0.81,False,False
ei7dwt,t3_ei7dwt,6,6,1.0,False,False
ei7ou0,t3_ei7ou0,4,3,1.0,False,False
ei9pey,t3_ei9pey,3,21,1.0,False,False
eiauob,t3_eiauob,9,14,0.9,False,False
eid5nw,t3_eid5nw,7,14,0.82,False,False
eidj07,t3_eidj07,1,13,0.94,False,False
eie6di,t3_eie6di,1,2,1.0,False,False
eiezis,t3_eiezis,2,2,1.0,False,False
eifdhf,t3_eifdhf,7,3,1.0,False,False
eigot5,t3_eigot5,6,7,1.0,False,False
eihvrq,t3_eihvrq,2,22,0.97,False,False
eii7yi,t3_eii7yi,9,57,0.95,False,False
eikw9g,t3_eikw9g,4,14,1.0,False,False
eikwkx,t3_eikwkx,4,3,1.0,False,False
eikx79,t3_eikx79,1,12,0.84,False,False
eimk9z,t3_eimk9z,11,16,1.0,False,False
eimxbu,t3_eimxbu,4,13,0.9,False,False
ein2mi,t3_ein2mi,21,12,0.94,False,False
eiolxi,t3_eiolxi,0,9,1.0,False,False
eipbvk,t3_eipbvk,8,3,1.0,False,False
eiqwh6,t3_eiqwh6,17,160,1.0,False,False
eiryll,t3_eiryll,1,19,1.0,False,False
eix5or,t3_eix5or,15,34,0.91,False,False
eixwkf,t3_eixwkf,2,2,1.0,False,False
eiyp5h,t3_eiyp5h,3,1,1.0,False,False
ej0ouu,t3_ej0ouu,12,55,0.94,False,False
ej2dok,t3_ej2dok,2,5,0.86,False,False
ej2rc5,t3_ej2rc5,1,0,0.5,False,False
ej6wpc,t3_ej6wpc,5,3,1.0,False,False
ej8fy4,t3_ej8fy4,13,8,0.91,False,False
ej9skq,t3_ej9skq,8,4,1.0,False,False
ej9xi7,t3_ej9xi7,0,1,1.0,False,False
ejc1az,t3_ejc1az,14,20,1.0,False,False
ejcctg,t3_ejcctg,0,1,0.99,False,False
ejcd3c,t3_ejcd3c,0,2,1.0,False,False
ejef2d,t3_ejef2d,4,46,0.88,False,False
ejferv,t3_ejferv,2,1,1.0,False,False
ejfob9,t3_ejfob9,3,4,1.0,False,False
ejh42o,t3_ejh42o,5,1,1.0,False,False
ejho1q,t3_ejho1q,14,4,0.75,False,False
eji55u,t3_eji55u,2,2,1.0,False,False
ejipss,t3_ejipss,8,6,0.88,False,False
ejk66n,t3_ejk66n,4,6,1.0,False,False
ejkedk,t3_ejkedk,5,10,1.0,False,False
ejl4f5,t3_ejl4f5,7,9,0.92,False,False
ejpcmb,t3_ejpcmb,22,27,0.88,False,False
ejpmyn,t3_ejpmyn,13,14,0.94,False,False
ejpuy8,t3_ejpuy8,3,4,0.84,False,False
ejuwsj,t3_ejuwsj,0,1,1.0,False,False
ejv1cb,t3_ejv1cb,26,213,1.0,False,False
ejv389,t3_ejv389,26,23,1.0,False,False
ejv84t,t3_ejv84t,2,6,0.88,False,False
ejytpn,t3_ejytpn,11,1,1.0,False,False
ejzwz7,t3_ejzwz7,11,53,0.94,False,False
ek2u2k,t3_ek2u2k,14,21,1.0,False,False
ek37ri,t3_ek37ri,2,1,0.67,False,False
ek3ai3,t3_ek3ai3,9,4,0.83,False,False
ek3yb7,t3_ek3yb7,9,2,1.0,False,False
ek65bq,t3_ek65bq,9,15,1.0,False,False
ek87xa,t3_ek87xa,8,4,0.75,False,False
ek8v0e,t3_ek8v0e,14,54,0.95,False,False
ekbcme,t3_ekbcme,7,1,0.67,False,False
ekbw57,t3_ekbw57,6,6,1.0,False,False
ekc607,t3_ekc607,11,13,0.84,False,False
ekdngq,t3_ekdngq,5,6,0.88,False,False
ekgoxp,t3_ekgoxp,0,2,1.0,False,False
ekhr95,t3_ekhr95,2,2,1.0,False,False
ekhvaz,t3_ekhvaz,1,5,1.0,False,False
ekhx3l,t3_ekhx3l,15,20,1.0,False,False
ekhybv,t3_ekhybv,1,3,1.0,False,False
ekjega,t3_ekjega,3,2,0.67,False,False
ekjwe0,t3_ekjwe0,2,6,0.8,False,False
ekkl1x,t3_ekkl1x,3,3,1.0,False,False
ekohlr,t3_ekohlr,1,1,0.67,False,False
ekqzj1,t3_ekqzj1,2,3,0.81,False,False
ekr5ek,t3_ekr5ek,15,55,1.0,False,False
eks8sj,t3_eks8sj,2,3,1.0,False,False
eksj46,t3_eksj46,5,20,1.0,False,False
eksta4,t3_eksta4,1,2,1.0,False,False
ekt7v3,t3_ekt7v3,4,5,1.0,False,False
ektaey,t3_ektaey,14,3,1.0,False,False
ekujhg,t3_ekujhg,0,1,1.0,False,False
ekvawt,t3_ekvawt,6,14,0.94,False,False
ekw3qk,t3_ekw3qk,0,5,0.86,False,False
ekx26h,t3_ekx26h,2,2,1.0,False,False
ekx4zb,t3_ekx4zb,6,6,1.0,False,False
ekxhu7,t3_ekxhu7,4,5,1.0,False,False
ekzxf1,t3_ekzxf1,3,3,1.0,False,False
el0g1t,t3_el0g1t,4,4,1.0,False,False
el1rcu,t3_el1rcu,9,31,0.89,False,False
el35n5,t3_el35n5,2,3,1.0,False,False
el38k7,t3_el38k7,1,3,1.0,False,False
el3t4a,t3_el3t4a,2,2,1.0,False,False
el44ja,t3_el44ja,16,8,0.85,False,False
el5ar8,t3_el5ar8,14,5,0.86,False,False
el5qet,t3_el5qet,24,9,0.8,False,False
el7hp9,t3_el7hp9,0,95,0.99,False,False
el8i4x,t3_el8i4x,1,2,1.0,False,False
el8oq7,t3_el8oq7,32,24,1.0,False,False
el9gvt,t3_el9gvt,10,1,0.67,False,False
ela89z,t3_ela89z,3,2,0.67,False,False
elavhe,t3_elavhe,10,14,0.95,False,False
elbq4u,t3_elbq4u,0,1,1.0,False,False
elc8gu,t3_elc8gu,3,4,0.75,False,False
elc98s,t3_elc98s,9,1,1.0,False,False
elcsig,t3_elcsig,0,1,1.0,False,False
eldch4,t3_eldch4,3,42,0.94,False,False
elep45,t3_elep45,0,1,1.0,False,False
elf9js,t3_elf9js,12,5,0.78,False,False
elg0ou,t3_elg0ou,1,2,1.0,False,False
elg8hw,t3_elg8hw,27,62,0.94,False,False
elghvv,t3_elghvv,3,2,1.0,False,False
elibn8,t3_elibn8,1,2,1.0,False,False
eliwcl,t3_eliwcl,2,3,1.0,False,False
elk7zz,t3_elk7zz,2,5,1.0,False,False
ell6rr,t3_ell6rr,2,3,0.8,False,False
elskmq,t3_elskmq,9,137,0.99,False,False
elswgh,t3_elswgh,8,2,1.0,False,False
eltlwh,t3_eltlwh,4,3,1.0,False,False
elubb0,t3_elubb0,8,2,1.0,False,False
eluw3z,t3_eluw3z,2,3,0.81,False,False
elvmfw,t3_elvmfw,0,1,1.0,False,False
elvytb,t3_elvytb,0,1,1.0,False,False
elxv7u,t3_elxv7u,10,17,0.85,False,False
elxxmb,t3_elxxmb,11,2,0.75,False,False
elzcel,t3_elzcel,9,19,1.0,False,False
em111j,t3_em111j,7,1,0.6,False,False
em18hs,t3_em18hs,1,1,0.6,False,False
em461y,t3_em461y,9,2,0.76,False,False
em7bbq,t3_em7bbq,16,56,0.94,False,False
em7pc7,t3_em7pc7,7,22,0.89,False,False
em7tog,t3_em7tog,0,1,1.0,False,False
em8dih,t3_em8dih,14,11,0.93,False,False
em9okd,t3_em9okd,0,19,0.87,False,False
emcf4j,t3_emcf4j,0,2,1.0,False,False
emcmi0,t3_emcmi0,6,15,1.0,False,False
eme5zk,t3_eme5zk,6,5,1.0,False,False
emehny,t3_emehny,26,129,0.98,False,False
emfh0j,t3_emfh0j,3,3,1.0,False,False
emi8j4,t3_emi8j4,7,5,1.0,False,False
emlb0r,t3_emlb0r,34,96,1.0,False,False
emm60y,t3_emm60y,4,6,1.0,False,False
emmu4v,t3_emmu4v,0,1,1.0,False,False
emnwmx,t3_emnwmx,13,2,1.0,False,False
emo8rb,t3_emo8rb,4,4,0.84,False,False
emodfv,t3_emodfv,0,1,1.0,False,False
empzmz,t3_empzmz,4,7,1.0,False,False
emqnkg,t3_emqnkg,4,7,1.0,False,False
emr69y,t3_emr69y,14,3,0.8,False,False
emran7,t3_emran7,20,139,0.98,False,False
emrl1w,t3_emrl1w,1,31,0.93,False,False
emruy1,t3_emruy1,4,1,1.0,False,False
emrw3y,t3_emrw3y,6,3,0.71,False,False
ems3h2,t3_ems3h2,1,1,1.0,False,False
ems62m,t3_ems62m,6,5,1.0,False,False
emtlmo,t3_emtlmo,2,3,1.0,False,False
emtvso,t3_emtvso,7,4,0.83,False,False
emvk41,t3_emvk41,11,2,1.0,False,False
emvkgu,t3_emvkgu,3,3,1.0,False,False
emxo15,t3_emxo15,16,2,1.0,False,False
en16oj,t3_en16oj,17,108,0.98,False,False
en1wxs,t3_en1wxs,0,5,1.0,False,False
en4bdb,t3_en4bdb,14,17,0.92,False,False
en4h1g,t3_en4h1g,4,0,0.4,False,False
en5k0n,t3_en5k0n,2,6,0.81,False,False
en6ym7,t3_en6ym7,26,25,0.94,False,False
en71a3,t3_en71a3,0,1,1.0,False,False
ena0qk,t3_ena0qk,6,2,1.0,False,False
enays1,t3_enays1,25,26,0.96,False,False
enbdky,t3_enbdky,2,2,0.76,False,False
enfkhp,t3_enfkhp,151,82,0.82,False,False
eng6os,t3_eng6os,5,5,1.0,False,False
enhbfi,t3_enhbfi,5,1,1.0,False,False
enmbax,t3_enmbax,2,3,1.0,False,False
enmbv4,t3_enmbv4,10,92,0.98,False,False
enml9o,t3_enml9o,1,16,0.95,False,False
enp1o6,t3_enp1o6,18,76,0.98,False,False
enpnsk,t3_enpnsk,10,48,1.0,False,False
enr2sl,t3_enr2sl,2,12,0.85,False,False
ens05d,t3_ens05d,2,2,1.0,False,False
ent6t4,t3_ent6t4,6,2,1.0,False,False
enth3e,t3_enth3e,22,15,1.0,False,False
entw6b,t3_entw6b,5,6,1.0,False,False
envjyo,t3_envjyo,6,2,1.0,False,False
enwrp0,t3_enwrp0,3,3,0.81,False,False
enzkt5,t3_enzkt5,1,9,0.86,False,False
eo0son,t3_eo0son,5,34,1.0,False,False
eo1211,t3_eo1211,2,1,1.0,False,False
eo2j7v,t3_eo2j7v,11,17,0.9,False,False
eo3cp6,t3_eo3cp6,7,25,0.94,False,False
eo5h6q,t3_eo5h6q,11,1,1.0,False,False
eo74xt,t3_eo74xt,6,2,1.0,False,False
eo7s8d,t3_eo7s8d,2,4,1.0,False,False
eo8d30,t3_eo8d30,3,8,1.0,False,False
eo8xns,t3_eo8xns,7,2,1.0,False,False
eo8zbj,t3_eo8zbj,2,3,1.0,False,False
eo9mxz,t3_eo9mxz,24,89,0.98,False,False
eo9y7y,t3_eo9y7y,1,1,0.67,False,False
eoae7e,t3_eoae7e,6,1,1.0,False,False
eoaf0u,t3_eoaf0u,4,1,1.0,False,False
eob8tb,t3_eob8tb,8,6,1.0,False,False
eodbr8,t3_eodbr8,4,5,0.86,False,False
eohesp,t3_eohesp,5,2,1.0,False,False
eohobl,t3_eohobl,170,63,0.97,False,False
eoigxl,t3_eoigxl,20,18,1.0,False,False
eoj08j,t3_eoj08j,8,1,1.0,False,False
eon49b,t3_eon49b,6,2,1.0,False,False
eon7j4,t3_eon7j4,2,3,1.0,False,False
eoonoz,t3_eoonoz,11,4,0.84,False,False
eoq4ud,t3_eoq4ud,30,124,0.99,False,False
eoq6pk,t3_eoq6pk,24,17,0.96,False,False
eoren2,t3_eoren2,2,2,1.0,False,False
eorweo,t3_eorweo,6,2,0.67,False,False
eottom,t3_eottom,1,1,1.0,False,False
eou5gg,t3_eou5gg,2,4,1.0,False,False
eoxjrh,t3_eoxjrh,2,3,0.81,False,False
eoxrw2,t3_eoxrw2,7,8,1.0,False,False
eozt8b,t3_eozt8b,0,1,1.0,False,False
eozyyv,t3_eozyyv,13,34,0.97,False,False
ep0ejv,t3_ep0ejv,1,3,1.0,False,False
ep2bfu,t3_ep2bfu,32,4,1.0,False,False
ep40su,t3_ep40su,4,4,0.83,False,False
ep41k0,t3_ep41k0,2,10,1.0,False,False
ep4pma,t3_ep4pma,7,19,0.93,False,False
ep4ydm,t3_ep4ydm,6,41,0.98,False,False
ep5i3p,t3_ep5i3p,8,7,1.0,False,False
ep5imm,t3_ep5imm,4,1,0.6,False,False
ep6vd9,t3_ep6vd9,9,16,0.95,False,False
ep72wu,t3_ep72wu,4,1,1.0,False,False
ep78nz,t3_ep78nz,2,3,1.0,False,False
epa6et,t3_epa6et,8,4,0.83,False,False
epbaj4,t3_epbaj4,1,11,1.0,False,False
epdnmd,t3_epdnmd,5,3,1.0,False,False
epdzcj,t3_epdzcj,6,2,1.0,False,False
epehfg,t3_epehfg,13,32,0.92,False,False
eph4h2,t3_eph4h2,4,6,1.0,False,False
eph6p2,t3_eph6p2,5,1,1.0,False,False
ephwtv,t3_ephwtv,9,3,1.0,False,False
epimpb,t3_epimpb,52,33,0.95,False,False
epj1e5,t3_epj1e5,4,10,0.92,False,False
eplba6,t3_eplba6,0,9,1.0,False,False
eplmep,t3_eplmep,9,52,0.93,False,False
eplv6r,t3_eplv6r,1,1,1.0,False,False
epmc9l,t3_epmc9l,3,7,1.0,False,False
epmgsw,t3_epmgsw,16,2,1.0,False,False
epmuuf,t3_epmuuf,7,19,0.96,False,False
epnf07,t3_epnf07,1,13,0.94,False,False
eppcuw,t3_eppcuw,1,1,1.0,False,False
eppebx,t3_eppebx,10,9,1.0,False,False
eppi5u,t3_eppi5u,6,4,1.0,False,False
epqzfk,t3_epqzfk,30,13,0.93,False,False
epu38u,t3_epu38u,5,7,0.9,False,False
epxdoz,t3_epxdoz,7,30,0.93,False,False
epxe1k,t3_epxe1k,0,2,0.75,False,False
epyg3d,t3_epyg3d,0,10,1.0,False,False
epywuj,t3_epywuj,3,11,1.0,False,False
epyzdf,t3_epyzdf,9,6,0.88,False,False
eq23sy,t3_eq23sy,2,2,0.75,False,False
eq2gp9,t3_eq2gp9,1,15,0.89,False,False
eq3jeq,t3_eq3jeq,19,21,0.96,False,False
eq3rjr,t3_eq3rjr,4,2,0.75,False,False
eq4s7w,t3_eq4s7w,2,3,1.0,False,False
eq5izt,t3_eq5izt,4,3,1.0,False,False
eqan3f,t3_eqan3f,16,61,0.92,False,False
eqbwb9,t3_eqbwb9,1,0,0.5,False,False
eqcdxz,t3_eqcdxz,4,2,0.75,False,False
eqe5h3,t3_eqe5h3,4,2,1.0,False,False
eqebai,t3_eqebai,45,57,0.96,False,False
eqg85z,t3_eqg85z,8,8,1.0,False,False
eqh3x2,t3_eqh3x2,6,7,0.9,False,False
eqhvt7,t3_eqhvt7,15,21,0.91,False,False
eqicqe,t3_eqicqe,9,36,0.95,False,False
eqiz2m,t3_eqiz2m,4,1,1.0,False,False
eqjq79,t3_eqjq79,2,9,1.0,False,False
eqksfc,t3_eqksfc,3,1,1.0,False,False
eqkx74,t3_eqkx74,3,1,1.0,False,False
eql7pd,t3_eql7pd,2,5,0.86,False,False
eqlle7,t3_eqlle7,21,92,0.98,False,False
eqnf6l,t3_eqnf6l,3,11,0.93,False,False
equalh,t3_equalh,0,2,1.0,False,False
equk2k,t3_equk2k,2,2,1.0,False,False
equuct,t3_equuct,51,103,0.98,False,False
eqv8q8,t3_eqv8q8,2,1,1.0,False,False
eqwask,t3_eqwask,3,3,1.0,False,False
eqxcxy,t3_eqxcxy,2,5,1.0,False,False
eqxduu,t3_eqxduu,15,74,0.95,False,False
eqxngw,t3_eqxngw,7,2,0.75,False,False
eqz0i5,t3_eqz0i5,0,1,0.67,False,False
er0tx3,t3_er0tx3,10,18,1.0,False,False
er11bc,t3_er11bc,1,18,0.96,False,False
er248t,t3_er248t,27,21,1.0,False,False
er3csj,t3_er3csj,7,23,1.0,False,False
er4n3l,t3_er4n3l,6,6,1.0,False,False
er5v7v,t3_er5v7v,2,1,1.0,False,False
er6dq7,t3_er6dq7,20,189,1.0,False,False
er8zh1,t3_er8zh1,1,29,0.95,False,False
eratie,t3_eratie,2,1,1.0,False,False
erbqfk,t3_erbqfk,0,1,1.0,False,False
ercj7b,t3_ercj7b,7,46,0.94,False,False
ei6jsg,t3_ei6jsg,0,4,0.84,False,False
ei7dwt,t3_ei7dwt,6,6,1.0,False,False
ei7ou0,t3_ei7ou0,4,3,1.0,False,False
ei9pey,t3_ei9pey,3,20,0.96,False,False
eiauob,t3_eiauob,9,14,1.0,False,False
eid5nw,t3_eid5nw,7,16,0.86,False,False
eidj07,t3_eidj07,1,15,1.0,False,False
eie6di,t3_eie6di,1,2,1.0,False,False
eiezis,t3_eiezis,2,2,1.0,False,False
eifdhf,t3_eifdhf,7,3,1.0,False,False
eigot5,t3_eigot5,6,7,1.0,False,False
eihvrq,t3_eihvrq,2,23,1.0,False,False
eii7yi,t3_eii7yi,9,54,0.94,False,False
eikw9g,t3_eikw9g,4,14,1.0,False,False
eikwkx,t3_eikwkx,4,3,1.0,False,False
eikx79,t3_eikx79,1,13,0.89,False,False
eimk9z,t3_eimk9z,11,15,1.0,False,False
eimxbu,t3_eimxbu,4,15,1.0,False,False
ein2mi,t3_ein2mi,21,14,1.0,False,False
eiolxi,t3_eiolxi,0,9,1.0,False,False
eipbvk,t3_eipbvk,8,3,1.0,False,False
eiqwh6,t3_eiqwh6,17,160,1.0,False,False
eiryll,t3_eiryll,1,18,1.0,False,False
eix5or,t3_eix5or,15,32,0.92,False,False
eixwkf,t3_eixwkf,2,2,1.0,False,False
eiyp5h,t3_eiyp5h,3,1,1.0,False,False
ej0ouu,t3_ej0ouu,12,53,0.94,False,False
ej2dok,t3_ej2dok,2,5,0.78,False,False
ej2rc5,t3_ej2rc5,1,0,0.5,False,False
ej6wpc,t3_ej6wpc,5,3,1.0,False,False
ej8fy4,t3_ej8fy4,13,9,0.92,False,False
ej9skq,t3_ej9skq,8,4,1.0,False,False
ej9xi7,t3_ej9xi7,0,1,1.0,False,False
ejc1az,t3_ejc1az,14,21,1.0,False,False
ejcctg,t3_ejcctg,0,1,0.99,False,False
ejcd3c,t3_ejcd3c,0,2,1.0,False,False
ejef2d,t3_ejef2d,4,46,0.88,False,False
ejferv,t3_ejferv,2,1,1.0,False,False
ejfob9,t3_ejfob9,3,5,1.0,False,False
ejh42o,t3_ejh42o,5,1,1.0,False,False
ejho1q,t3_ejho1q,14,4,0.75,False,False
eji55u,t3_eji55u,2,2,1.0,False,False
ejipss,t3_ejipss,8,7,1.0,False,False
ejk66n,t3_ejk66n,4,6,1.0,False,False
ejkedk,t3_ejkedk,5,10,1.0,False,False
ejl4f5,t3_ejl4f5,7,9,0.92,False,False
ejpcmb,t3_ejpcmb,22,28,0.88,False,False
ejpmyn,t3_ejpmyn,13,13,0.89,False,False
ejpuy8,t3_ejpuy8,3,5,1.0,False,False
ejuwsj,t3_ejuwsj,0,1,1.0,False,False
ejv1cb,t3_ejv1cb,26,208,1.0,False,False
ejv389,t3_ejv389,26,20,0.96,False,False
ejv84t,t3_ejv84t,2,5,0.86,False,False
ejytpn,t3_ejytpn,11,1,1.0,False,False
ejzwz7,t3_ejzwz7,11,57,0.95,False,False
ek2u2k,t3_ek2u2k,14,18,0.93,False,False
ek37ri,t3_ek37ri,2,1,0.67,False,False
ek3ai3,t3_ek3ai3,9,3,0.8,False,False
ek3yb7,t3_ek3yb7,9,2,1.0,False,False
ek65bq,t3_ek65bq,9,14,1.0,False,False
ek87xa,t3_ek87xa,8,2,0.63,False,False
ek8v0e,t3_ek8v0e,14,48,0.93,False,False
ekbcme,t3_ekbcme,7,1,0.67,False,False
ekbw57,t3_ekbw57,6,6,1.0,False,False
ekc607,t3_ekc607,11,12,0.81,False,False
ekdngq,t3_ekdngq,5,6,0.88,False,False
ekgoxp,t3_ekgoxp,0,2,1.0,False,False
ekhr95,t3_ekhr95,2,2,1.0,False,False
ekhvaz,t3_ekhvaz,1,4,1.0,False,False
ekhx3l,t3_ekhx3l,15,19,0.96,False,False
ekhybv,t3_ekhybv,1,3,1.0,False,False
ekjega,t3_ekjega,3,2,0.67,False,False
ekjwe0,t3_ekjwe0,2,4,0.7,False,False
ekkl1x,t3_ekkl1x,3,3,1.0,False,False
ekohlr,t3_ekohlr,1,1,0.67,False,False
ekqzj1,t3_ekqzj1,2,5,1.0,False,False
ekr5ek,t3_ekr5ek,15,56,0.99,False,False
eks8sj,t3_eks8sj,2,3,1.0,False,False
eksj46,t3_eksj46,5,19,0.96,False,False
eksta4,t3_eksta4,1,2,1.0,False,False
ekt7v3,t3_ekt7v3,4,5,1.0,False,False
ektaey,t3_ektaey,14,3,1.0,False,False
ekujhg,t3_ekujhg,0,1,1.0,False,False
ekvawt,t3_ekvawt,6,14,0.94,False,False
ekw3qk,t3_ekw3qk,0,5,0.86,False,False
ekx26h,t3_ekx26h,2,2,1.0,False,False
ekx4zb,t3_ekx4zb,6,6,1.0,False,False
ekxhu7,t3_ekxhu7,4,5,1.0,False,False
ekzxf1,t3_ekzxf1,3,3,1.0,False,False
el0g1t,t3_el0g1t,4,3,0.81,False,False
el1rcu,t3_el1rcu,9,33,0.92,False,False
el35n5,t3_el35n5,2,3,1.0,False,False
el38k7,t3_el38k7,1,3,1.0,False,False
el3t4a,t3_el3t4a,2,2,1.0,False,False
el44ja,t3_el44ja,16,9,0.92,False,False
el5ar8,t3_el5ar8,14,6,1.0,False,False
el5qet,t3_el5qet,24,7,0.74,False,False
el7hp9,t3_el7hp9,0,101,0.99,False,False
el8i4x,t3_el8i4x,1,2,1.0,False,False
el8oq7,t3_el8oq7,32,21,0.94,False,False
el9gvt,t3_el9gvt,10,1,0.67,False,False
ela89z,t3_ela89z,3,3,0.72,False,False
elavhe,t3_elavhe,10,14,1.0,False,False
elbq4u,t3_elbq4u,0,1,1.0,False,False
elc8gu,t3_elc8gu,3,3,0.72,False,False
elc98s,t3_elc98s,9,1,1.0,False,False
elcsig,t3_elcsig,0,1,1.0,False,False
eldch4,t3_eldch4,3,41,0.94,False,False
elep45,t3_elep45,0,1,1.0,False,False
elf9js,t3_elf9js,12,5,0.78,False,False
elg0ou,t3_elg0ou,1,2,1.0,False,False
elg8hw,t3_elg8hw,27,58,0.93,False,False
elghvv,t3_elghvv,3,2,1.0,False,False
elibn8,t3_elibn8,1,2,1.0,False,False
eliwcl,t3_eliwcl,2,3,1.0,False,False
elk7zz,t3_elk7zz,2,4,1.0,False,False
ell6rr,t3_ell6rr,2,4,0.83,False,False
elskmq,t3_elskmq,9,140,0.99,False,False
elswgh,t3_elswgh,8,2,1.0,False,False
eltlwh,t3_eltlwh,4,3,1.0,False,False
elubb0,t3_elubb0,8,2,1.0,False,False
eluw3z,t3_eluw3z,2,4,1.0,False,False
elvmfw,t3_elvmfw,0,1,1.0,False,False
elvytb,t3_elvytb,0,1,1.0,False,False
elxv7u,t3_elxv7u,10,20,0.89,False,False
elxxmb,t3_elxxmb,11,2,0.75,False,False
elzcel,t3_elzcel,9,20,1.0,False,False
em111j,t3_em111j,7,1,0.6,False,False
em18hs,t3_em18hs,1,1,0.6,False,False
em461y,t3_em461y,9,2,0.76,False,False
em7bbq,t3_em7bbq,16,50,0.92,False,False
em7pc7,t3_em7pc7,7,23,0.91,False,False
em7tog,t3_em7tog,0,1,1.0,False,False
em8dih,t3_em8dih,14,10,0.92,False,False
em9okd,t3_em9okd,0,21,0.88,False,False
emcf4j,t3_emcf4j,0,2,1.0,False,False
emcmi0,t3_emcmi0,6,15,1.0,False,False
eme5zk,t3_eme5zk,6,5,1.0,False,False
emehny,t3_emehny,26,128,0.98,False,False
emfh0j,t3_emfh0j,3,3,1.0,False,False
emi8j4,t3_emi8j4,7,5,1.0,False,False
emlb0r,t3_emlb0r,34,91,0.99,False,False
emm60y,t3_emm60y,4,4,0.84,False,False
emmu4v,t3_emmu4v,0,1,1.0,False,False
emnwmx,t3_emnwmx,13,2,1.0,False,False
emo8rb,t3_emo8rb,4,4,1.0,False,False
emodfv,t3_emodfv,0,1,1.0,False,False
empzmz,t3_empzmz,4,6,0.88,False,False
emqnkg,t3_emqnkg,4,7,1.0,False,False
emr69y,t3_emr69y,14,3,0.8,False,False
emran7,t3_emran7,20,140,0.98,False,False
emrl1w,t3_emrl1w,1,32,0.95,False,False
emruy1,t3_emruy1,4,1,1.0,False,False
emrw3y,t3_emrw3y,6,2,0.66,False,False
ems3h2,t3_ems3h2,1,1,1.0,False,False
ems62m,t3_ems62m,6,5,1.0,False,False
emtlmo,t3_emtlmo,2,3,1.0,False,False
emtvso,t3_emtvso,7,5,0.86,False,False
emvk41,t3_emvk41,11,2,1.0,False,False
emvkgu,t3_emvkgu,3,3,1.0,False,False
emxo15,t3_emxo15,16,2,1.0,False,False
en16oj,t3_en16oj,17,108,0.98,False,False
en1wxs,t3_en1wxs,0,5,1.0,False,False
en4bdb,t3_en4bdb,14,19,0.96,False,False
en4h1g,t3_en4h1g,4,0,0.45,False,False
en5k0n,t3_en5k0n,2,6,1.0,False,False
en6ym7,t3_en6ym7,26,23,0.89,False,False
en71a3,t3_en71a3,0,1,1.0,False,False
ena0qk,t3_ena0qk,6,2,1.0,False,False
enays1,t3_enays1,25,26,0.96,False,False
enbdky,t3_enbdky,2,2,0.76,False,False
enfkhp,t3_enfkhp,151,85,0.82,False,False
eng6os,t3_eng6os,5,6,1.0,False,False
enhbfi,t3_enhbfi,5,1,1.0,False,False
enmbax,t3_enmbax,2,3,1.0,False,False
enmbv4,t3_enmbv4,10,95,0.99,False,False
enml9o,t3_enml9o,1,16,1.0,False,False
enp1o6,t3_enp1o6,18,74,0.97,False,False
enpnsk,t3_enpnsk,10,45,0.97,False,False
enr2sl,t3_enr2sl,2,11,0.84,False,False
ens05d,t3_ens05d,2,2,1.0,False,False
ent6t4,t3_ent6t4,6,2,1.0,False,False
enth3e,t3_enth3e,22,15,1.0,False,False
entw6b,t3_entw6b,5,4,0.76,False,False
envjyo,t3_envjyo,6,2,1.0,False,False
enwrp0,t3_enwrp0,3,3,0.81,False,False
enzkt5,t3_enzkt5,1,10,0.92,False,False
eo0son,t3_eo0son,5,34,1.0,False,False
eo1211,t3_eo1211,2,1,1.0,False,False
eo2j7v,t3_eo2j7v,11,18,0.91,False,False
eo3cp6,t3_eo3cp6,7,26,0.96,False,False
eo5h6q,t3_eo5h6q,11,1,1.0,False,False
eo74xt,t3_eo74xt,6,2,1.0,False,False
eo7s8d,t3_eo7s8d,2,4,1.0,False,False
eo8d30,t3_eo8d30,3,6,0.88,False,False
eo8xns,t3_eo8xns,7,2,1.0,False,False
eo8zbj,t3_eo8zbj,2,3,1.0,False,False
eo9mxz,t3_eo9mxz,24,89,0.98,False,False
eo9y7y,t3_eo9y7y,1,1,0.67,False,False
eoae7e,t3_eoae7e,6,1,1.0,False,False
eoaf0u,t3_eoaf0u,4,1,1.0,False,False
eob8tb,t3_eob8tb,8,6,1.0,False,False
eodbr8,t3_eodbr8,4,5,1.0,False,False
eohesp,t3_eohesp,5,2,1.0,False,False
eohobl,t3_eohobl,170,60,0.96,False,False
eoigxl,t3_eoigxl,20,18,0.93,False,False
eoj08j,t3_eoj08j,8,1,1.0,False,False
eon49b,t3_eon49b,6,2,1.0,False,False
eon7j4,t3_eon7j4,2,3,1.0,False,False
eoonoz,t3_eoonoz,11,6,1.0,False,False
eoq4ud,t3_eoq4ud,30,123,0.99,False,False
eoq6pk,t3_eoq6pk,24,18,1.0,False,False
eoren2,t3_eoren2,2,2,1.0,False,False
eorweo,t3_eorweo,6,2,0.67,False,False
eottom,t3_eottom,1,1,1.0,False,False
eou5gg,t3_eou5gg,2,4,1.0,False,False
eoxjrh,t3_eoxjrh,2,3,0.81,False,False
eoxrw2,t3_eoxrw2,7,6,0.88,False,False
eozt8b,t3_eozt8b,0,1,1.0,False,False
eozyyv,t3_eozyyv,13,36,1.0,False,False
ep0ejv,t3_ep0ejv,1,3,1.0,False,False
ep2bfu,t3_ep2bfu,32,3,0.81,False,False
ep40su,t3_ep40su,4,4,0.83,False,False
ep41k0,t3_ep41k0,2,10,1.0,False,False
ep4pma,t3_ep4pma,7,19,0.93,False,False
ep4ydm,t3_ep4ydm,6,41,0.96,False,False
ep5i3p,t3_ep5i3p,8,6,0.88,False,False
ep5imm,t3_ep5imm,4,1,0.6,False,False
ep6vd9,t3_ep6vd9,9,16,1.0,False,False
ep72wu,t3_ep72wu,4,1,1.0,False,False
ep78nz,t3_ep78nz,2,3,1.0,False,False
epa6et,t3_epa6et,8,5,0.86,False,False
epbaj4,t3_epbaj4,1,11,1.0,False,False
epdnmd,t3_epdnmd,5,3,1.0,False,False
epdzcj,t3_epdzcj,6,2,1.0,False,False
epehfg,t3_epehfg,13,31,0.93,False,False
eph4h2,t3_eph4h2,4,6,1.0,False,False
eph6p2,t3_eph6p2,5,1,1.0,False,False
ephwtv,t3_ephwtv,9,3,1.0,False,False
epimpb,t3_epimpb,52,36,1.0,False,False
epj1e5,t3_epj1e5,4,8,0.85,False,False
eplba6,t3_eplba6,0,8,0.91,False,False
eplmep,t3_eplmep,9,53,0.93,False,False
eplv6r,t3_eplv6r,1,1,1.0,False,False
epmc9l,t3_epmc9l,3,6,1.0,False,False
epmgsw,t3_epmgsw,16,2,1.0,False,False
epmuuf,t3_epmuuf,7,20,1.0,False,False
epnf07,t3_epnf07,1,14,1.0,False,False
eppcuw,t3_eppcuw,1,1,1.0,False,False
eppebx,t3_eppebx,10,9,1.0,False,False
eppi5u,t3_eppi5u,6,3,0.81,False,False
epqzfk,t3_epqzfk,30,13,0.89,False,False
epu38u,t3_epu38u,5,8,1.0,False,False
epxdoz,t3_epxdoz,7,28,0.92,False,False
epxe1k,t3_epxe1k,0,2,0.75,False,False
epyg3d,t3_epyg3d,0,10,1.0,False,False
epywuj,t3_epywuj,3,12,1.0,False,False
epyzdf,t3_epyzdf,9,5,0.78,False,False
eq23sy,t3_eq23sy,2,2,0.75,False,False
eq2gp9,t3_eq2gp9,1,15,0.89,False,False
eq3jeq,t3_eq3jeq,19,20,0.92,False,False
eq3rjr,t3_eq3rjr,4,2,0.75,False,False
eq4s7w,t3_eq4s7w,2,3,1.0,False,False
eq5izt,t3_eq5izt,4,3,1.0,False,False
eqan3f,t3_eqan3f,16,64,0.92,False,False
eqbwb9,t3_eqbwb9,1,0,0.5,False,False
eqcdxz,t3_eqcdxz,4,2,0.75,False,False
eqe5h3,t3_eqe5h3,4,2,1.0,False,False
eqebai,t3_eqebai,45,53,0.93,False,False
eqg85z,t3_eqg85z,8,8,1.0,False,False
eqh3x2,t3_eqh3x2,6,6,0.88,False,False
eqhvt7,t3_eqhvt7,15,22,0.94,False,False
eqicqe,t3_eqicqe,9,38,0.98,False,False
eqiz2m,t3_eqiz2m,4,1,1.0,False,False
eqjq79,t3_eqjq79,2,9,0.92,False,False
eqksfc,t3_eqksfc,3,1,1.0,False,False
eqkx74,t3_eqkx74,3,1,1.0,False,False
eql7pd,t3_eql7pd,2,5,0.86,False,False
eqlle7,t3_eqlle7,21,92,0.98,False,False
eqnf6l,t3_eqnf6l,3,11,0.93,False,False
equalh,t3_equalh,0,2,1.0,False,False
equk2k,t3_equk2k,2,2,1.0,False,False
equuct,t3_equuct,51,104,0.98,False,False
eqv8q8,t3_eqv8q8,2,1,1.0,False,False
eqwask,t3_eqwask,3,3,1.0,False,False
eqxcxy,t3_eqxcxy,2,5,1.0,False,False
eqxduu,t3_eqxduu,15,76,0.95,False,False
eqxngw,t3_eqxngw,7,2,0.75,False,False
eqz0i5,t3_eqz0i5,0,1,0.67,False,False
er0tx3,t3_er0tx3,10,16,0.92,False,False
er11bc,t3_er11bc,1,19,1.0,False,False
er248t,t3_er248t,27,21,1.0,False,False
er3csj,t3_er3csj,7,23,1.0,False,False
er4n3l,t3_er4n3l,6,7,1.0,False,False
er5v7v,t3_er5v7v,2,1,1.0,False,False
er6dq7,t3_er6dq7,20,184,1.0,False,False
er8zh1,t3_er8zh1,1,30,0.97,False,False
eratie,t3_eratie,2,1,1.0,False,False
erbqfk,t3_erbqfk,0,1,1.0,False,False
ercj7b,t3_ercj7b,7,41,0.91,False,False
erg7ix,t3_erg7ix,0,5,1.0,False,False
erhb05,t3_erhb05,6,111,0.98,False,False
erhpvh,t3_erhpvh,1,5,1.0,False,False
erjglc,t3_erjglc,6,8,1.0,False,False
erltwk,t3_erltwk,5,6,1.0,False,False
erotav,t3_erotav,5,12,1.0,False,False
erpje6,t3_erpje6,7,3,1.0,False,False
erqylz,t3_erqylz,11,4,1.0,False,False
erro41,t3_erro41,88,25,0.95,False,False
errqfp,t3_errqfp,18,48,0.94,False,False
ers67r,t3_ers67r,6,13,1.0,False,False
ertf95,t3_ertf95,4,18,1.0,False,False
eru4xc,t3_eru4xc,1,1,1.0,False,False
erutks,t3_erutks,0,1,1.0,False,False
ervhs0,t3_ervhs0,0,3,1.0,False,False
ervjs5,t3_ervjs5,2,1,1.0,False,False
ervtow,t3_ervtow,9,10,0.86,False,False
erx8dj,t3_erx8dj,4,2,1.0,False,False
erxbdd,t3_erxbdd,8,7,1.0,False,False
erygak,t3_erygak,4,7,0.89,False,False
erytx7,t3_erytx7,0,1,1.0,False,False
erz275,t3_erz275,3,3,1.0,False,False
erzwaf,t3_erzwaf,36,30,0.89,False,False
es04rp,t3_es04rp,13,16,0.9,False,False
es0rcj,t3_es0rcj,11,2,1.0,False,False
es208v,t3_es208v,2,1,1.0,False,False
es2nnl,t3_es2nnl,0,1,1.0,False,False
es4xph,t3_es4xph,23,35,0.85,False,False
es7m0s,t3_es7m0s,0,1,1.0,False,False
es7sw9,t3_es7sw9,157,79,0.89,False,False
es7wyp,t3_es7wyp,2,3,1.0,False,False
es9igj,t3_es9igj,18,2,0.75,False,False
esa0pf,t3_esa0pf,10,26,1.0,False,False
esa3x5,t3_esa3x5,0,3,1.0,False,False
esax48,t3_esax48,7,3,0.72,False,False
esbqv4,t3_esbqv4,4,2,0.75,False,False
esc6wt,t3_esc6wt,6,50,0.97,False,False
escy6n,t3_escy6n,4,3,1.0,False,False
esdayq,t3_esdayq,3,0,0.5,False,False
esdfnk,t3_esdfnk,3,2,1.0,False,False
esgzjf,t3_esgzjf,34,92,0.98,False,False
esi403,t3_esi403,1,0,0.5,False,False
esila3,t3_esila3,2,4,1.0,False,False
esju2p,t3_esju2p,7,3,1.0,False,False
esotad,t3_esotad,3,28,0.95,False,False
espdpq,t3_espdpq,13,70,0.95,False,False
esqxjp,t3_esqxjp,4,3,0.81,False,False
essczj,t3_essczj,0,1,1.0,False,False
esshgw,t3_esshgw,2,3,1.0,False,False
estlwh,t3_estlwh,24,21,0.84,False,False
estx7n,t3_estx7n,0,5,1.0,False,False
esugba,t3_esugba,0,1,0.67,False,False
esw1h5,t3_esw1h5,5,1,1.0,False,False
eswaks,t3_eswaks,7,4,0.84,False,False
esx4w4,t3_esx4w4,14,52,0.96,False,False
esxggt,t3_esxggt,3,36,0.92,False,False
esxjh5,t3_esxjh5,0,12,0.81,False,False
esyoy6,t3_esyoy6,19,86,0.98,False,False
et05ud,t3_et05ud,2,5,0.86,False,False
et2ty3,t3_et2ty3,8,17,0.91,False,False
et40h5,t3_et40h5,0,18,0.93,False,False
et4fqc,t3_et4fqc,32,24,0.9,False,False
et8emv,t3_et8emv,7,18,0.96,False,False
et99uk,t3_et99uk,3,1,0.53,False,False
etbafn,t3_etbafn,11,7,0.9,False,False
etbaz0,t3_etbaz0,2,3,1.0,False,False
etbtsr,t3_etbtsr,9,23,0.97,False,False
etcarn,t3_etcarn,5,20,0.96,False,False
etcatl,t3_etcatl,1,1,1.0,False,False
etdgjw,t3_etdgjw,6,6,0.88,False,False
ete7lo,t3_ete7lo,5,2,1.0,False,False
etelga,t3_etelga,7,7,0.89,False,False
eteoks,t3_eteoks,10,37,0.96,False,False
eteskz,t3_eteskz,5,3,1.0,False,False
etf5kp,t3_etf5kp,1,3,1.0,False,False
etfxya,t3_etfxya,6,24,0.92,False,False
etg0bq,t3_etg0bq,2,0,0.38,False,False
etgz1m,t3_etgz1m,1,2,1.0,False,False
ethdbt,t3_ethdbt,6,2,0.75,False,False
ethihq,t3_ethihq,1,7,1.0,False,False
etid22,t3_etid22,1,6,1.0,False,False
etikbz,t3_etikbz,89,88,0.94,False,False
etka3v,t3_etka3v,8,1,0.6,False,False
etp0bl,t3_etp0bl,3,4,1.0,False,False
etpk3a,t3_etpk3a,11,12,1.0,False,False
etppj0,t3_etppj0,1,3,0.81,False,False
etr642,t3_etr642,3,6,1.0,False,False
etrea1,t3_etrea1,10,11,1.0,False,False
etrell,t3_etrell,13,28,0.88,False,False
etsqn6,t3_etsqn6,21,12,0.81,False,False
etstye,t3_etstye,11,5,1.0,False,False
etwozp,t3_etwozp,9,4,1.0,False,False
etxdnl,t3_etxdnl,26,24,0.94,False,False
etxz4k,t3_etxz4k,1,2,1.0,False,False
etz39c,t3_etz39c,4,2,0.75,False,False
eu0ewh,t3_eu0ewh,2,20,0.96,False,False
eu1zyo,t3_eu1zyo,18,136,1.0,False,False
eu4264,t3_eu4264,6,31,1.0,False,False
eu7alb,t3_eu7alb,45,123,0.94,False,False
eu7s5e,t3_eu7s5e,20,17,0.88,False,False
ei6jsg,t3_ei6jsg,0,4,1.0,False,False
ei7dwt,t3_ei7dwt,6,6,0.88,False,False
ei7ou0,t3_ei7ou0,4,3,1.0,False,False
ei9pey,t3_ei9pey,3,21,1.0,False,False
eiauob,t3_eiauob,9,14,0.95,False,False
eid5nw,t3_eid5nw,7,14,0.82,False,False
eidj07,t3_eidj07,1,14,1.0,False,False
eie6di,t3_eie6di,1,2,1.0,False,False
eiezis,t3_eiezis,2,2,1.0,False,False
eifdhf,t3_eifdhf,7,3,1.0,False,False
eigot5,t3_eigot5,6,7,1.0,False,False
eihvrq,t3_eihvrq,2,23,1.0,False,False
eii7yi,t3_eii7yi,9,55,0.94,False,False
eikw9g,t3_eikw9g,4,14,0.95,False,False
eikwkx,t3_eikwkx,4,3,1.0,False,False
eikx79,t3_eikx79,1,13,0.89,False,False
eimk9z,t3_eimk9z,11,15,0.95,False,False
eimxbu,t3_eimxbu,4,13,0.94,False,False
ein2mi,t3_ein2mi,21,14,1.0,False,False
eiolxi,t3_eiolxi,0,9,0.92,False,False
eipbvk,t3_eipbvk,8,3,1.0,False,False
eiqwh6,t3_eiqwh6,17,160,1.0,False,False
eiryll,t3_eiryll,1,18,0.96,False,False
eix5or,t3_eix5or,15,36,0.93,False,False
eixwkf,t3_eixwkf,2,2,1.0,False,False
eiyp5h,t3_eiyp5h,3,1,1.0,False,False
ej0ouu,t3_ej0ouu,12,56,0.96,False,False
ej2dok,t3_ej2dok,2,5,0.86,False,False
ej2rc5,t3_ej2rc5,1,0,0.5,False,False
ej6wpc,t3_ej6wpc,5,3,1.0,False,False
ej8fy4,t3_ej8fy4,13,9,0.92,False,False
ej9skq,t3_ej9skq,8,4,1.0,False,False
ej9xi7,t3_ej9xi7,0,1,1.0,False,False
ejc1az,t3_ejc1az,14,21,1.0,False,False
ejcctg,t3_ejcctg,0,1,0.99,False,False
ejcd3c,t3_ejcd3c,0,2,1.0,False,False
ejef2d,t3_ejef2d,4,46,0.87,False,False
ejferv,t3_ejferv,2,1,1.0,False,False
ejfob9,t3_ejfob9,3,3,0.81,False,False
ejh42o,t3_ejh42o,5,1,1.0,False,False
ejho1q,t3_ejho1q,14,5,0.86,False,False
eji55u,t3_eji55u,2,2,1.0,False,False
ejipss,t3_ejipss,8,7,1.0,False,False
ejk66n,t3_ejk66n,4,5,1.0,False,False
ejkedk,t3_ejkedk,5,11,1.0,False,False
ejl4f5,t3_ejl4f5,7,9,1.0,False,False
ejpcmb,t3_ejpcmb,22,25,0.86,False,False
ejpmyn,t3_ejpmyn,13,15,0.94,False,False
ejpuy8,t3_ejpuy8,3,5,1.0,False,False
ejuwsj,t3_ejuwsj,0,1,1.0,False,False
ejv1cb,t3_ejv1cb,26,209,1.0,False,False
ejv389,t3_ejv389,26,21,1.0,False,False
ejv84t,t3_ejv84t,2,5,0.86,False,False
ejytpn,t3_ejytpn,11,1,1.0,False,False
ejzwz7,t3_ejzwz7,11,53,0.94,False,False
ek2u2k,t3_ek2u2k,14,20,0.93,False,False
ek37ri,t3_ek37ri,2,1,0.67,False,False
ek3ai3,t3_ek3ai3,9,4,0.83,False,False
ek3yb7,t3_ek3yb7,9,2,1.0,False,False
ek65bq,t3_ek65bq,9,14,0.95,False,False
ek87xa,t3_ek87xa,8,3,0.71,False,False
ek8v0e,t3_ek8v0e,14,48,0.93,False,False
ekbcme,t3_ekbcme,7,1,0.67,False,False
ekbw57,t3_ekbw57,6,6,1.0,False,False
ekc607,t3_ekc607,11,12,0.81,False,False
ekdngq,t3_ekdngq,5,6,1.0,False,False
ekgoxp,t3_ekgoxp,0,2,1.0,False,False
ekhr95,t3_ekhr95,2,2,1.0,False,False
ekhvaz,t3_ekhvaz,1,5,1.0,False,False
ekhx3l,t3_ekhx3l,15,19,0.96,False,False
ekhybv,t3_ekhybv,1,3,1.0,False,False
ekjega,t3_ekjega,3,2,0.67,False,False
ekjwe0,t3_ekjwe0,2,2,0.6,False,False
ekkl1x,t3_ekkl1x,3,3,1.0,False,False
ekohlr,t3_ekohlr,1,1,0.67,False,False
ekqzj1,t3_ekqzj1,2,5,1.0,False,False
ekr5ek,t3_ekr5ek,15,54,0.99,False,False
eks8sj,t3_eks8sj,2,3,1.0,False,False
eksj46,t3_eksj46,5,20,1.0,False,False
eksta4,t3_eksta4,1,2,1.0,False,False
ekt7v3,t3_ekt7v3,4,4,0.84,False,False
ektaey,t3_ektaey,14,3,1.0,False,False
ekujhg,t3_ekujhg,0,1,1.0,False,False
ekvawt,t3_ekvawt,6,12,0.88,False,False
ekw3qk,t3_ekw3qk,0,5,0.86,False,False
ekx26h,t3_ekx26h,2,2,1.0,False,False
ekx4zb,t3_ekx4zb,6,7,1.0,False,False
ekxhu7,t3_ekxhu7,4,5,1.0,False,False
ekzxf1,t3_ekzxf1,3,3,1.0,False,False
el0g1t,t3_el0g1t,4,4,0.84,False,False
el1rcu,t3_el1rcu,9,32,0.91,False,False
el35n5,t3_el35n5,2,3,1.0,False,False
el38k7,t3_el38k7,1,3,1.0,False,False
el3t4a,t3_el3t4a,2,2,1.0,False,False
el44ja,t3_el44ja,16,8,1.0,False,False
el5ar8,t3_el5ar8,14,6,1.0,False,False
el5qet,t3_el5qet,24,8,0.79,False,False
el7hp9,t3_el7hp9,0,102,0.99,False,False
el8i4x,t3_el8i4x,1,2,1.0,False,False
el8oq7,t3_el8oq7,32,23,0.94,False,False
el9gvt,t3_el9gvt,10,1,0.67,False,False
ela89z,t3_ela89z,3,3,0.8,False,False
elavhe,t3_elavhe,10,15,1.0,False,False
elbq4u,t3_elbq4u,0,1,1.0,False,False
elc8gu,t3_elc8gu,3,5,0.85,False,False
elc98s,t3_elc98s,9,1,1.0,False,False
elcsig,t3_elcsig,0,1,1.0,False,False
eldch4,t3_eldch4,3,37,0.89,False,False
elep45,t3_elep45,0,1,1.0,False,False
elf9js,t3_elf9js,12,4,0.71,False,False
elg0ou,t3_elg0ou,1,2,1.0,False,False
elg8hw,t3_elg8hw,27,63,0.95,False,False
elghvv,t3_elghvv,3,2,1.0,False,False
elibn8,t3_elibn8,1,2,1.0,False,False
eliwcl,t3_eliwcl,2,3,1.0,False,False
elk7zz,t3_elk7zz,2,5,1.0,False,False
ell6rr,t3_ell6rr,2,2,0.67,False,False
elskmq,t3_elskmq,9,140,0.99,False,False
elswgh,t3_elswgh,8,2,1.0,False,False
eltlwh,t3_eltlwh,4,3,1.0,False,False
elubb0,t3_elubb0,8,2,1.0,False,False
eluw3z,t3_eluw3z,2,4,0.84,False,False
elvmfw,t3_elvmfw,0,1,1.0,False,False
elvytb,t3_elvytb,0,1,1.0,False,False
elxv7u,t3_elxv7u,10,20,0.89,False,False
elxxmb,t3_elxxmb,11,2,0.75,False,False
elzcel,t3_elzcel,9,20,1.0,False,False
em111j,t3_em111j,7,1,0.6,False,False
em18hs,t3_em18hs,1,1,0.6,False,False
em461y,t3_em461y,9,2,0.76,False,False
em7bbq,t3_em7bbq,16,52,0.92,False,False
em7pc7,t3_em7pc7,7,24,0.92,False,False
em7tog,t3_em7tog,0,1,1.0,False,False
em8dih,t3_em8dih,14,11,1.0,False,False
em9okd,t3_em9okd,0,20,0.9,False,False
emcf4j,t3_emcf4j,0,2,1.0,False,False
emcmi0,t3_emcmi0,6,15,1.0,False,False
eme5zk,t3_eme5zk,6,4,0.84,False,False
emehny,t3_emehny,26,126,0.98,False,False
emfh0j,t3_emfh0j,3,3,1.0,False,False
emi8j4,t3_emi8j4,7,4,1.0,False,False
emlb0r,t3_emlb0r,34,90,0.99,False,False
emm60y,t3_emm60y,4,5,1.0,False,False
emmu4v,t3_emmu4v,0,1,1.0,False,False
emnwmx,t3_emnwmx,13,2,1.0,False,False
emo8rb,t3_emo8rb,4,5,1.0,False,False
emodfv,t3_emodfv,0,1,1.0,False,False
empzmz,t3_empzmz,4,8,1.0,False,False
emqnkg,t3_emqnkg,4,7,0.9,False,False
emr69y,t3_emr69y,14,3,0.8,False,False
emran7,t3_emran7,20,138,0.98,False,False
emrl1w,t3_emrl1w,1,29,0.91,False,False
emruy1,t3_emruy1,4,1,1.0,False,False
emrw3y,t3_emrw3y,6,3,0.71,False,False
ems3h2,t3_ems3h2,1,1,1.0,False,False
ems62m,t3_ems62m,6,5,1.0,False,False
emtlmo,t3_emtlmo,2,3,1.0,False,False
emtvso,t3_emtvso,7,5,0.86,False,False
emvk41,t3_emvk41,11,2,1.0,False,False
emvkgu,t3_emvkgu,3,3,1.0,False,False
emxo15,t3_emxo15,16,2,1.0,False,False
en16oj,t3_en16oj,17,109,0.98,False,False
en1wxs,t3_en1wxs,0,4,0.84,False,False
en4bdb,t3_en4bdb,14,20,0.96,False,False
en4h1g,t3_en4h1g,4,0,0.5,False,False
en5k0n,t3_en5k0n,2,5,0.86,False,False
en6ym7,t3_en6ym7,26,25,0.94,False,False
en71a3,t3_en71a3,0,1,1.0,False,False
ena0qk,t3_ena0qk,6,2,1.0,False,False
enays1,t3_enays1,25,27,0.97,False,False
enbdky,t3_enbdky,2,2,0.76,False,False
enfkhp,t3_enfkhp,151,83,0.82,False,False
eng6os,t3_eng6os,5,6,1.0,False,False
enhbfi,t3_enhbfi,5,1,1.0,False,False
enmbax,t3_enmbax,2,3,1.0,False,False
enmbv4,t3_enmbv4,10,89,0.98,False,False
enml9o,t3_enml9o,1,16,1.0,False,False
enp1o6,t3_enp1o6,18,72,0.97,False,False
enpnsk,t3_enpnsk,10,44,0.99,False,False
enr2sl,t3_enr2sl,2,15,0.94,False,False
ens05d,t3_ens05d,2,2,1.0,False,False
ent6t4,t3_ent6t4,6,2,1.0,False,False
enth3e,t3_enth3e,22,16,1.0,False,False
entw6b,t3_entw6b,5,3,0.81,False,False
envjyo,t3_envjyo,6,2,1.0,False,False
enwrp0,t3_enwrp0,3,3,0.81,False,False
enzkt5,t3_enzkt5,1,11,0.93,False,False
eo0son,t3_eo0son,5,31,0.94,False,False
eo1211,t3_eo1211,2,1,1.0,False,False
eo2j7v,t3_eo2j7v,11,17,0.9,False,False
eo3cp6,t3_eo3cp6,7,26,0.96,False,False
eo5h6q,t3_eo5h6q,11,1,1.0,False,False
eo74xt,t3_eo74xt,6,2,1.0,False,False
eo7s8d,t3_eo7s8d,2,3,0.81,False,False
eo8d30,t3_eo8d30,3,7,1.0,False,False
eo8xns,t3_eo8xns,7,2,1.0,False,False
eo8zbj,t3_eo8zbj,2,3,1.0,False,False
eo9mxz,t3_eo9mxz,24,91,0.98,False,False
eo9y7y,t3_eo9y7y,1,1,0.67,False,False
eoae7e,t3_eoae7e,6,1,1.0,False,False
eoaf0u,t3_eoaf0u,4,1,1.0,False,False
eob8tb,t3_eob8tb,8,7,1.0,False,False
eodbr8,t3_eodbr8,4,6,1.0,False,False
eohesp,t3_eohesp,5,2,1.0,False,False
eohobl,t3_eohobl,170,65,0.98,False,False
eoigxl,t3_eoigxl,20,18,0.96,False,False
eoj08j,t3_eoj08j,8,1,1.0,False,False
eon49b,t3_eon49b,6,2,1.0,False,False
eon7j4,t3_eon7j4,2,3,1.0,False,False
eoonoz,t3_eoonoz,11,6,1.0,False,False
eoq4ud,t3_eoq4ud,30,125,0.99,False,False
eoq6pk,t3_eoq6pk,24,18,1.0,False,False
eoren2,t3_eoren2,2,2,1.0,False,False
eorweo,t3_eorweo,6,2,0.67,False,False
eottom,t3_eottom,1,1,1.0,False,False
eou5gg,t3_eou5gg,2,4,0.84,False,False
eoxjrh,t3_eoxjrh,2,3,0.81,False,False
eoxrw2,t3_eoxrw2,7,7,1.0,False,False
eozt8b,t3_eozt8b,0,1,1.0,False,False
eozyyv,t3_eozyyv,13,35,1.0,False,False
ep0ejv,t3_ep0ejv,1,3,1.0,False,False
ep2bfu,t3_ep2bfu,32,3,0.81,False,False
ep40su,t3_ep40su,4,3,0.72,False,False
ep41k0,t3_ep41k0,2,9,1.0,False,False
ep4pma,t3_ep4pma,7,18,0.93,False,False
ep4ydm,t3_ep4ydm,6,39,0.94,False,False
ep5i3p,t3_ep5i3p,8,8,1.0,False,False
ep5imm,t3_ep5imm,4,1,0.6,False,False
ep6vd9,t3_ep6vd9,9,16,1.0,False,False
ep72wu,t3_ep72wu,4,1,1.0,False,False
ep78nz,t3_ep78nz,2,3,1.0,False,False
epa6et,t3_epa6et,8,5,0.86,False,False
epbaj4,t3_epbaj4,1,11,1.0,False,False
epdnmd,t3_epdnmd,5,3,1.0,False,False
epdzcj,t3_epdzcj,6,2,1.0,False,False
epehfg,t3_epehfg,13,32,0.93,False,False
eph4h2,t3_eph4h2,4,6,1.0,False,False
eph6p2,t3_eph6p2,5,1,1.0,False,False
ephwtv,t3_ephwtv,9,3,1.0,False,False
epimpb,t3_epimpb,52,34,0.95,False,False
epj1e5,t3_epj1e5,4,9,0.92,False,False
eplba6,t3_eplba6,0,9,1.0,False,False
eplmep,t3_eplmep,9,53,0.93,False,False
eplv6r,t3_eplv6r,1,1,1.0,False,False
epmc9l,t3_epmc9l,3,6,1.0,False,False
epmgsw,t3_epmgsw,16,2,1.0,False,False
epmuuf,t3_epmuuf,7,20,0.96,False,False
epnf07,t3_epnf07,1,14,1.0,False,False
eppcuw,t3_eppcuw,1,1,1.0,False,False
eppebx,t3_eppebx,10,9,1.0,False,False
eppi5u,t3_eppi5u,6,4,1.0,False,False
epqzfk,t3_epqzfk,30,14,0.94,False,False
epu38u,t3_epu38u,5,8,1.0,False,False
epxdoz,t3_epxdoz,7,31,0.94,False,False
epxe1k,t3_epxe1k,0,2,0.75,False,False
epyg3d,t3_epyg3d,0,10,1.0,False,False
epywuj,t3_epywuj,3,12,1.0,False,False
epyzdf,t3_epyzdf,9,6,0.88,False,False
eq23sy,t3_eq23sy,2,2,0.75,False,False
eq2gp9,t3_eq2gp9,1,15,0.89,False,False
eq3jeq,t3_eq3jeq,19,18,0.92,False,False
eq3rjr,t3_eq3rjr,4,2,0.75,False,False
eq4s7w,t3_eq4s7w,2,3,1.0,False,False
eq5izt,t3_eq5izt,4,3,1.0,False,False
eqan3f,t3_eqan3f,16,66,0.93,False,False
eqbwb9,t3_eqbwb9,1,0,0.5,False,False
eqcdxz,t3_eqcdxz,4,2,0.75,False,False
eqe5h3,t3_eqe5h3,4,2,1.0,False,False
eqebai,t3_eqebai,45,52,0.93,False,False
eqg85z,t3_eqg85z,8,8,0.91,False,False
eqh3x2,t3_eqh3x2,6,6,0.88,False,False
eqhvt7,t3_eqhvt7,15,23,0.97,False,False
eqicqe,t3_eqicqe,9,35,0.93,False,False
eqiz2m,t3_eqiz2m,4,1,1.0,False,False
eqjq79,t3_eqjq79,2,9,1.0,False,False
eqksfc,t3_eqksfc,3,1,1.0,False,False
eqkx74,t3_eqkx74,3,1,1.0,False,False
eql7pd,t3_eql7pd,2,4,0.75,False,False
eqlle7,t3_eqlle7,21,88,0.97,False,False
eqnf6l,t3_eqnf6l,3,12,1.0,False,False
equalh,t3_equalh,0,2,1.0,False,False
equk2k,t3_equk2k,2,2,1.0,False,False
equuct,t3_equuct,51,104,0.98,False,False
eqv8q8,t3_eqv8q8,2,1,1.0,False,False
eqwask,t3_eqwask,3,3,1.0,False,False
eqxcxy,t3_eqxcxy,2,5,1.0,False,False
eqxduu,t3_eqxduu,15,73,0.94,False,False
eqxngw,t3_eqxngw,7,2,0.75,False,False
eqz0i5,t3_eqz0i5,0,1,0.67,False,False
er0tx3,t3_er0tx3,10,18,1.0,False,False
er11bc,t3_er11bc,1,18,0.96,False,False
er248t,t3_er248t,27,19,0.96,False,False
er3csj,t3_er3csj,7,23,1.0,False,False
er4n3l,t3_er4n3l,6,6,1.0,False,False
er5v7v,t3_er5v7v,2,1,1.0,False,False
er6dq7,t3_er6dq7,20,188,1.0,False,False
er8zh1,t3_er8zh1,1,29,0.95,False,False
eratie,t3_eratie,2,1,1.0,False,False
erbqfk,t3_erbqfk,0,1,1.0,False,False
ercj7b,t3_ercj7b,7,45,0.95,False,False
erg7ix,t3_erg7ix,0,4,1.0,False,False
erhb05,t3_erhb05,6,112,0.98,False,False
erhpvh,t3_erhpvh,1,5,1.0,False,False
erjglc,t3_erjglc,6,9,1.0,False,False
erltwk,t3_erltwk,5,4,0.84,False,False
erotav,t3_erotav,5,13,1.0,False,False
erpje6,t3_erpje6,7,3,1.0,False,False
erqylz,t3_erqylz,11,4,1.0,False,False
erro41,t3_erro41,88,26,0.97,False,False
errqfp,t3_errqfp,18,48,0.94,False,False
ers67r,t3_ers67r,6,12,0.94,False,False
ertf95,t3_ertf95,4,18,1.0,False,False
eru4xc,t3_eru4xc,1,1,1.0,False,False
erutks,t3_erutks,0,1,1.0,False,False
ervhs0,t3_ervhs0,0,3,1.0,False,False
ervjs5,t3_ervjs5,2,1,1.0,False,False
ervtow,t3_ervtow,9,10,0.92,False,False
erx8dj,t3_erx8dj,4,2,1.0,False,False
erxbdd,t3_erxbdd,8,5,0.86,False,False
erygak,t3_erygak,4,6,0.88,False,False
erytx7,t3_erytx7,0,1,1.0,False,False
erz275,t3_erz275,3,3,1.0,False,False
erzwaf,t3_erzwaf,36,36,0.94,False,False
es04rp,t3_es04rp,13,13,0.82,False,False
es0rcj,t3_es0rcj,11,2,1.0,False,False
es208v,t3_es208v,2,1,1.0,False,False
es2nnl,t3_es2nnl,0,1,1.0,False,False
es4xph,t3_es4xph,23,36,0.88,False,False
es7m0s,t3_es7m0s,0,1,1.0,False,False
es7sw9,t3_es7sw9,157,76,0.89,False,False
es7wyp,t3_es7wyp,2,3,1.0,False,False
es9igj,t3_es9igj,18,2,0.75,False,False
esa0pf,t3_esa0pf,10,24,0.95,False,False
esa3x5,t3_esa3x5,0,3,1.0,False,False
esax48,t3_esax48,7,4,0.83,False,False
esbqv4,t3_esbqv4,4,2,0.75,False,False
esc6wt,t3_esc6wt,6,48,0.96,False,False
escy6n,t3_escy6n,4,3,1.0,False,False
esdayq,t3_esdayq,3,0,0.5,False,False
esdfnk,t3_esdfnk,3,2,1.0,False,False
esgzjf,t3_esgzjf,34,95,0.99,False,False
esi403,t3_esi403,1,0,0.5,False,False
esila3,t3_esila3,2,4,0.84,False,False
esju2p,t3_esju2p,7,3,1.0,False,False
esotad,t3_esotad,3,29,0.95,False,False
espdpq,t3_espdpq,13,68,0.94,False,False
esqxjp,t3_esqxjp,4,4,0.84,False,False
essczj,t3_essczj,0,1,1.0,False,False
esshgw,t3_esshgw,2,3,1.0,False,False
estlwh,t3_estlwh,24,21,0.86,False,False
estx7n,t3_estx7n,0,5,1.0,False,False
esugba,t3_esugba,0,1,0.67,False,False
esw1h5,t3_esw1h5,5,1,1.0,False,False
eswaks,t3_eswaks,7,6,1.0,False,False
esx4w4,t3_esx4w4,14,49,0.96,False,False
esxggt,t3_esxggt,3,35,0.92,False,False
esxjh5,t3_esxjh5,0,14,0.89,False,False
esyoy6,t3_esyoy6,19,87,0.99,False,False
et05ud,t3_et05ud,2,5,1.0,False,False
et2ty3,t3_et2ty3,8,19,0.95,False,False
et40h5,t3_et40h5,0,19,1.0,False,False
et4fqc,t3_et4fqc,32,22,0.87,False,False
et8emv,t3_et8emv,7,20,1.0,False,False
et99uk,t3_et99uk,3,1,0.53,False,False
etbafn,t3_etbafn,11,8,1.0,False,False
etbaz0,t3_etbaz0,2,3,1.0,False,False
etbtsr,t3_etbtsr,9,23,0.97,False,False
etcarn,t3_etcarn,5,21,1.0,False,False
etcatl,t3_etcatl,1,1,1.0,False,False
etdgjw,t3_etdgjw,6,7,0.9,False,False
ete7lo,t3_ete7lo,5,2,1.0,False,False
etelga,t3_etelga,7,7,0.89,False,False
eteoks,t3_eteoks,10,36,0.95,False,False
eteskz,t3_eteskz,5,3,1.0,False,False
etf5kp,t3_etf5kp,1,3,1.0,False,False
etfxya,t3_etfxya,6,24,0.92,False,False
etg0bq,t3_etg0bq,2,0,0.38,False,False
etgz1m,t3_etgz1m,1,2,1.0,False,False
ethdbt,t3_ethdbt,6,2,0.75,False,False
ethihq,t3_ethihq,1,5,0.86,False,False
etid22,t3_etid22,1,6,1.0,False,False
etikbz,t3_etikbz,89,91,0.94,False,False
etka3v,t3_etka3v,8,1,0.6,False,False
etp0bl,t3_etp0bl,3,3,0.81,False,False
etpk3a,t3_etpk3a,11,12,1.0,False,False
etppj0,t3_etppj0,1,4,1.0,False,False
etr642,t3_etr642,3,7,1.0,False,False
etrea1,t3_etrea1,10,10,0.92,False,False
etrell,t3_etrell,13,31,0.91,False,False
etsqn6,t3_etsqn6,21,14,0.89,False,False
etstye,t3_etstye,11,5,1.0,False,False
etwozp,t3_etwozp,9,4,0.84,False,False
etxdnl,t3_etxdnl,26,22,0.89,False,False
etxz4k,t3_etxz4k,1,2,1.0,False,False
etz39c,t3_etz39c,4,2,0.75,False,False
eu0ewh,t3_eu0ewh,2,22,0.97,False,False
eu1zyo,t3_eu1zyo,18,137,1.0,False,False
eu4264,t3_eu4264,6,30,0.98,False,False
eu7alb,t3_eu7alb,45,125,0.94,False,False
eu7s5e,t3_eu7s5e,20,18,0.92,False,False
eu7xxy,t3_eu7xxy,3,2,1.0,False,False
eu8bwt,t3_eu8bwt,8,6,1.0,False,False
euc2qg,t3_euc2qg,1,3,1.0,False,False
eucw1i,t3_eucw1i,0,3,1.0,False,False
eudcot,t3_eudcot,0,3,0.81,False,False
eugjqq,t3_eugjqq,2,16,1.0,False,False
euin6k,t3_euin6k,43,62,0.93,False,False
eul0u4,t3_eul0u4,5,33,0.96,False,False
eumere,t3_eumere,23,32,0.98,False,False
eumt4g,t3_eumt4g,5,1,0.67,False,False
eumuoa,t3_eumuoa,16,5,1.0,False,False
eun6lm,t3_eun6lm,7,6,0.88,False,False
euox3d,t3_euox3d,10,1,1.0,False,False
euoxql,t3_euoxql,1,1,1.0,False,False
euqbxv,t3_euqbxv,2,4,1.0,False,False
euscsu,t3_euscsu,25,58,0.96,False,False
eusm1g,t3_eusm1g,3,2,1.0,False,False
eut02p,t3_eut02p,12,29,0.96,False,False
eutmy5,t3_eutmy5,4,9,0.85,False,False
eutt3m,t3_eutt3m,1,1,0.67,False,False
euu0z6,t3_euu0z6,14,27,0.97,False,False
euv62x,t3_euv62x,0,4,1.0,False,False
euwecq,t3_euwecq,1,2,1.0,False,False
eux0eb,t3_eux0eb,2,0,0.5,False,False
euxo71,t3_euxo71,10,4,1.0,False,False
euzg8z,t3_euzg8z,4,7,1.0,False,False
euzoyz,t3_euzoyz,1,4,1.0,False,False
euzxmx,t3_euzxmx,84,45,0.89,False,False
ev00xh,t3_ev00xh,1,12,1.0,False,False
ev0jm8,t3_ev0jm8,0,1,1.0,False,False