ei7y3k,t3_ei7y3k,4,13,0.85,False,False
eia1hj,t3_eia1hj,14,0,0.43,False,False
eiad24,t3_eiad24,2,4,0.75,False,False
eiazzo,t3_eiazzo,35,130,0.98,False,False
eihldw,t3_eihldw,0,7,0.89,False,False
eij4s8,t3_eij4s8,0,0,0.29,False,False
eil8pv,t3_eil8pv,21,19,0.92,False,False
eime7c,t3_eime7c,24,159,0.99,False,False
einamc,t3_einamc,7,1,0.6,False,False
eiov9h,t3_eiov9h,12,0,0.5,False,False
eipjto,t3_eipjto,1,2,0.75,False,False
eiq7f0,t3_eiq7f0,0,1,1.0,False,False
eiry5c,t3_eiry5c,9,2,1.0,False,False
eiuhzp,t3_eiuhzp,2,0,0.33,False,False
eiuo1r,t3_eiuo1r,4,134,0.96,False,False
eiv1t2,t3_eiv1t2,8,1,0.6,False,False
eivsut,t3_eivsut,16,3,1.0,False,False
eiwmkq,t3_eiwmkq,16,40,0.91,False,False
eizg3n,t3_eizg3n,0,0,0.3,False,False
eizzqc,t3_eizzqc,2,0,0.5,False,False
ej0x69,t3_ej0x69,10,8,1.0,False,False
ej2bvx,t3_ej2bvx,12,1,1.0,False,False
ej3wzp,t3_ej3wzp,32,148,0.99,False,False
ej83m9,t3_ej83m9,12,1,1.0,False,False
ejdyw6,t3_ejdyw6,17,56,0.99,False,False
ejeugh,t3_ejeugh,4,2,1.0,False,False
ejexjv,t3_ejexjv,3,1,0.67,False,False
ejfn57,t3_ejfn57,114,193,0.96,False,False
ejfxfr,t3_ejfxfr,2,1,0.67,False,False
ejiiwd,t3_ejiiwd,6,5,0.86,False,False
ejimuw,t3_ejimuw,5,1,1.0,False,False
ejiuoz,t3_ejiuoz,3,2,0.62,False,False
ejiy8s,t3_ejiy8s,5,14,0.89,False,False
ejjoud,t3_ejjoud,9,1,0.67,False,False
ejl1ug,t3_ejl1ug,2,1,0.6,False,False
ejl92d,t3_ejl92d,2,0,0.5,False,False
ejnnrm,t3_ejnnrm,2,1,0.67,False,False
ejq1b2,t3_ejq1b2,3,0,0.5,False,False
ejtccb,t3_ejtccb,3,0,0.33,False,False
ejwgor,t3_ejwgor,12,83,0.95,False,False
ejy7ha,t3_ejy7ha,6,0,0.5,False,False
ejy7yp,t3_ejy7yp,7,0,0.43,False,False
ejzy7w,t3_ejzy7w,10,47,0.9,False,False
ek0wdo,t3_ek0wdo,2,1,0.67,False,False
ek15nj,t3_ek15nj,15,40,0.81,False,False
ek4144,t3_ek4144,1,0,0.44,False,False
ek4334,t3_ek4334,0,1,1.0,False,False
ek4q3m,t3_ek4q3m,27,15,0.89,False,False
ek52ot,t3_ek52ot,11,14,1.0,False,False
ek57si,t3_ek57si,9,1,1.0,False,False
ekar4e,t3_ekar4e,63,352,0.97,False,False
ekcwj3,t3_ekcwj3,3,4,0.83,False,False
ekfdnx,t3_ekfdnx,5,2,1.0,False,False
ekftdd,t3_ekftdd,12,0,0.25,False,False
ekg08e,t3_ekg08e,4,4,0.67,False,False
ekgy47,t3_ekgy47,8,4,0.83,False,False
ekldgn,t3_ekldgn,8,0,0.5,False,False
eklli0,t3_eklli0,8,33,0.92,False,False
ekmt45,t3_ekmt45,3,0,0.25,False,False
ekox8p,t3_ekox8p,5,49,0.82,False,False
ekpenc,t3_ekpenc,2,0,0.5,False,False
ekuafh,t3_ekuafh,4,2,0.67,False,False
ekw0gt,t3_ekw0gt,5,20,0.87,False,False
ekw8xn,t3_ekw8xn,0,1,1.0,False,False
ekwyin,t3_ekwyin,6,1,0.6,False,False
ekxqef,t3_ekxqef,7,8,0.84,False,False
el15i0,t3_el15i0,50,231,0.97,False,False
el2i1r,t3_el2i1r,1,1,1.0,False,False
el2rcl,t3_el2rcl,7,1,0.6,False,False
el4pxx,t3_el4pxx,7,2,0.67,False,False
elags4,t3_elags4,15,46,0.9,False,False
elbb1h,t3_elbb1h,0,1,1.0,False,False
eldhzp,t3_eldhzp,13,9,0.91,False,False
elf12y,t3_elf12y,9,4,1.0,False,False
elgmah,t3_elgmah,68,47,0.92,False,False
eli713,t3_eli713,7,53,0.94,False,False
eliaqf,t3_eliaqf,9,0,0.13,False,False
elih19,t3_elih19,6,0,0.29,False,False
eliwa8,t3_eliwa8,4,0,0.5,False,False
eljorr,t3_eljorr,3,15,0.95,False,False
elonk9,t3_elonk9,1,2,1.0,False,False
elqf18,t3_elqf18,4,0,0.25,False,False
elqr6p,t3_elqr6p,11,74,0.94,False,False
elqvia,t3_elqvia,16,147,0.82,False,False
elqxwb,t3_elqxwb,2,0,0.33,False,False
elrhqi,t3_elrhqi,20,7,1.0,False,False
elsdup,t3_elsdup,12,1,0.67,False,False
eltyot,t3_eltyot,2,0,0.43,False,False
elupa4,t3_elupa4,21,1,0.55,False,False
elwn8e,t3_elwn8e,2,0,0.43,False,False
elwner,t3_elwner,7,2,0.67,False,False
elxhb3,t3_elxhb3,26,4,0.67,False,False
elzcst,t3_elzcst,5,1,0.67,False,False
elzes3,t3_elzes3,8,0,0.5,False,False
elzkn5,t3_elzkn5,6,39,0.83,False,False
em1rry,t3_em1rry,1,1,1.0,False,False
em26ia,t3_em26ia,0,1,1.0,False,False
em4r5b,t3_em4r5b,4,1,0.67,False,False
em7ife,t3_em7ife,6,9,0.84,False,False
em9qvv,t3_em9qvv,16,48,0.93,False,False
ei7y3k,t3_ei7y3k,4,13,0.88,False,False
eia1hj,t3_eia1hj,14,0,0.29,False,False
eiad24,t3_eiad24,2,3,0.67,False,False
eiazzo,t3_eiazzo,35,128,0.98,False,False
eihldw,t3_eihldw,0,7,0.89,False,False
eij4s8,t3_eij4s8,0,0,0.33,False,False
eil8pv,t3_eil8pv,21,19,0.92,False,False
eime7c,t3_eime7c,24,159,0.99,False,False
einamc,t3_einamc,7,1,0.6,False,False
eiov9h,t3_eiov9h,12,0,0.5,False,False
eipjto,t3_eipjto,1,2,0.75,False,False
eiq7f0,t3_eiq7f0,0,1,1.0,False,False
eiry5c,t3_eiry5c,9,2,1.0,False,False
eiuhzp,t3_eiuhzp,2,0,0.17,False,False
eiuo1r,t3_eiuo1r,4,134,0.96,False,False
eiv1t2,t3_eiv1t2,8,1,0.6,False,False
eivsut,t3_eivsut,16,3,1.0,False,False
eiwmkq,t3_eiwmkq,16,42,0.92,False,False
eizg3n,t3_eizg3n,0,0,0.27,False,False
eizzqc,t3_eizzqc,2,0,0.5,False,False
ej0x69,t3_ej0x69,10,8,1.0,False,False
ej2bvx,t3_ej2bvx,12,1,1.0,False,False
ej3wzp,t3_ej3wzp,32,147,0.99,False,False
ej83m9,t3_ej83m9,12,1,1.0,False,False
ejdyw6,t3_ejdyw6,17,54,0.98,False,False
ejeugh,t3_ejeugh,4,2,1.0,False,False
ejexjv,t3_ejexjv,3,1,0.67,False,False
ejfn57,t3_ejfn57,114,190,0.96,False,False
ejfxfr,t3_ejfxfr,2,1,0.67,False,False
ejiiwd,t3_ejiiwd,6,1,0.57,False,False
ejimuw,t3_ejimuw,5,1,1.0,False,False
ejiuoz,t3_ejiuoz,3,2,0.62,False,False
ejiy8s,t3_ejiy8s,5,14,0.89,False,False
ejjoud,t3_ejjoud,9,1,0.67,False,False
ejl1ug,t3_ejl1ug,2,1,0.6,False,False
ejl92d,t3_ejl92d,2,0,0.5,False,False
ejnnrm,t3_ejnnrm,2,1,0.67,False,False
ejq1b2,t3_ejq1b2,3,0,0.5,False,False
ejtccb,t3_ejtccb,3,0,0.33,False,False
ejwgor,t3_ejwgor,12,83,0.94,False,False
ejy7ha,t3_ejy7ha,6,0,0.5,False,False
ejy7yp,t3_ejy7yp,7,0,0.43,False,False
ejzy7w,t3_ejzy7w,10,42,0.87,False,False
ek0wdo,t3_ek0wdo,2,1,0.67,False,False
ek15nj,t3_ek15nj,15,42,0.82,False,False
ek4144,t3_ek4144,1,0,0.5,False,False
ek4334,t3_ek4334,0,1,1.0,False,False
ek4q3m,t3_ek4q3m,27,13,0.85,False,False
ek52ot,t3_ek52ot,11,11,0.88,False,False
ek57si,t3_ek57si,9,1,1.0,False,False
ekar4e,t3_ekar4e,63,345,0.97,False,False
ekcwj3,t3_ekcwj3,3,5,0.86,False,False
ekfdnx,t3_ekfdnx,5,2,1.0,False,False
ekftdd,t3_ekftdd,12,0,0.25,False,False
ekg08e,t3_ekg08e,4,4,0.7,False,False
ekgy47,t3_ekgy47,8,3,0.72,False,False
ekldgn,t3_ekldgn,8,0,0.5,False,False
eklli0,t3_eklli0,8,33,0.92,False,False
ekmt45,t3_ekmt45,3,0,0.25,False,False
ekox8p,t3_ekox8p,5,50,0.83,False,False
ekpenc,t3_ekpenc,2,0,0.5,False,False
ekuafh,t3_ekuafh,4,3,0.72,False,False
ekw0gt,t3_ekw0gt,5,21,0.92,False,False
ekw8xn,t3_ekw8xn,0,1,1.0,False,False
ekwyin,t3_ekwyin,6,1,0.6,False,False
ekxqef,t3_ekxqef,7,9,0.91,False,False
el15i0,t3_el15i0,50,235,0.97,False,False
el2i1r,t3_el2i1r,1,1,1.0,False,False
el2rcl,t3_el2rcl,7,1,0.6,False,False
el4pxx,t3_el4pxx,7,3,0.72,False,False
elags4,t3_elags4,15,46,0.91,False,False
elbb1h,t3_elbb1h,0,1,1.0,False,False
eldhzp,t3_eldhzp,13,9,0.91,False,False
elf12y,t3_elf12y,9,4,1.0,False,False
elgmah,t3_elgmah,68,47,0.93,False,False
eli713,t3_eli713,7,55,0.94,False,False
eliaqf,t3_eliaqf,9,0,0.13,False,False
elih19,t3_elih19,6,0,0.29,False,False
eliwa8,t3_eliwa8,4,0,0.5,False,False
eljorr,t3_eljorr,3,16,1.0,False,False
elonk9,t3_elonk9,1,2,1.0,False,False
elqf18,t3_elqf18,4,0,0.29,False,False
elqr6p,t3_elqr6p,11,71,0.93,False,False
elqvia,t3_elqvia,16,148,0.82,False,False
elqxwb,t3_elqxwb,2,0,0.28,False,False
elrhqi,t3_elrhqi,20,7,1.0,False,False
elsdup,t3_elsdup,12,1,0.67,False,False
eltyot,t3_eltyot,2,0,0.43,False,False
elupa4,t3_elupa4,21,1,0.55,False,False
elwn8e,t3_elwn8e,2,0,0.38,False,False
elwner,t3_elwner,7,2,0.67,False,False
elxhb3,t3_elxhb3,26,5,0.72,False,False
elzcst,t3_elzcst,5,1,0.67,False,False
elzes3,t3_elzes3,8,0,0.5,False,False
elzkn5,t3_elzkn5,6,39,0.83,False,False
em1rry,t3_em1rry,1,1,1.0,False,False
em26ia,t3_em26ia,0,1,1.0,False,False
em4r5b,t3_em4r5b,4,1,0.67,False,False
em7ife,t3_em7ife,6,8,0.83,False,False
em9qvv,t3_em9qvv,16,45,0.91,False,False
ema19n,t3_ema19n,1,6,0.99,False,False
emehhl,t3_emehhl,6,2,1.0,False,False
emen77,t3_emen77,85,152,0.88,False,False
emf92s,t3_emf92s,2,18,1.0,False,False
emfd1f,t3_emfd1f,9,4,0.83,False,False
emgoj2,t3_emgoj2,13,17,0.9,False,False
emi4g8,t3_emi4g8,6,2,1.0,False,False
emlt3a,t3_emlt3a,3,5,1.0,False,False
emn21o,t3_emn21o,3,0,0.43,False,False
emo455,t3_emo455,1,1,1.0,False,False
emo8jd,t3_emo8jd,51,193,0.91,False,False
emp4qm,t3_emp4qm,10,8,0.91,False,False
emrffe,t3_emrffe,7,8,1.0,False,False
emrzf9,t3_emrzf9,2,1,0.67,False,False
ems390,t3_ems390,2,1,1.0,False,False
emtbd9,t3_emtbd9,3,1,1.0,False,False
emtwgz,t3_emtwgz,8,38,0.96,False,False
emtzn4,t3_emtzn4,9,6,0.8,False,False
emu9on,t3_emu9on,16,9,0.84,False,False
emur9s,t3_emur9s,8,0,0.35,False,False
emvrem,t3_emvrem,0,8,0.9,False,False
emx856,t3_emx856,10,33,0.94,False,False
en5z24,t3_en5z24,39,215,0.98,False,False
en6f3o,t3_en6f3o,6,15,0.86,False,False
encwvu,t3_encwvu,8,12,0.93,False,False
eng9c9,t3_eng9c9,7,3,0.67,False,False
enh4zn,t3_enh4zn,18,1,0.6,False,False
enhici,t3_enhici,9,2,0.63,False,False
enlyew,t3_enlyew,4,3,0.72,False,False
enlz8x,t3_enlz8x,25,80,0.95,False,False
enmjhh,t3_enmjhh,1,2,0.63,False,False
enmwmv,t3_enmwmv,3,5,1.0,False,False
enregw,t3_enregw,5,3,0.71,False,False
ensnwe,t3_ensnwe,0,1,0.67,False,False
env13r,t3_env13r,1,2,0.67,False,False
envrsl,t3_envrsl,3,0,0.44,False,False
envth1,t3_envth1,23,26,0.85,False,False
enw16b,t3_enw16b,8,4,0.83,False,False
enwo7g,t3_enwo7g,3,0,0.5,False,False
enwtvz,t3_enwtvz,7,1,0.6,False,False
eo28u4,t3_eo28u4,17,88,0.95,False,False
eo41gh,t3_eo41gh,2,2,0.75,False,False
eo5ozh,t3_eo5ozh,4,1,0.57,False,False
eo5u13,t3_eo5u13,2,2,0.63,False,False
eo7du7,t3_eo7du7,5,1,0.67,False,False
eoa01w,t3_eoa01w,7,1,0.57,False,False
eochb0,t3_eochb0,4,0,0.46,False,False
eoe6hr,t3_eoe6hr,65,165,0.91,False,False
eofmw2,t3_eofmw2,2,29,1.0,False,False
eoj1uu,t3_eoj1uu,3,1,0.6,False,False
eok3wl,t3_eok3wl,3,0,0.5,False,False
eokys6,t3_eokys6,2,1,0.67,False,False
eoldqa,t3_eoldqa,36,94,0.94,False,False
eoqppf,t3_eoqppf,2,3,1.0,False,False
eosnde,t3_eosnde,48,1,0.53,False,False
eot2to,t3_eot2to,4,1,0.56,False,False
eot3rh,t3_eot3rh,2,18,0.83,False,False
eowaef,t3_eowaef,6,0,0.5,False,False
eowk3t,t3_eowk3t,63,190,0.97,False,False
eox1ij,t3_eox1ij,9,3,0.64,False,False
eozfs7,t3_eozfs7,11,2,1.0,False,False
ep1nae,t3_ep1nae,0,2,1.0,False,False
ep2m3v,t3_ep2m3v,8,3,1.0,False,False
ep36hd,t3_ep36hd,9,6,0.88,False,False
ep4q52,t3_ep4q52,21,0,0.5,False,False
ep4snz,t3_ep4snz,8,0,0.5,False,False
ep5ghr,t3_ep5ghr,38,78,0.89,False,False
ep61zv,t3_ep61zv,2,0,0.5,False,False
ep79dy,t3_ep79dy,6,3,1.0,False,False
ep7fqh,t3_ep7fqh,3,0,0.33,False,False
ep7o4r,t3_ep7o4r,3,0,0.5,False,False
ep837v,t3_ep837v,3,2,0.75,False,False
ep8mgv,t3_ep8mgv,0,0,0.29,False,False
ep91l4,t3_ep91l4,6,0,0.36,False,False
ep9tcf,t3_ep9tcf,10,10,0.92,False,False
epboat,t3_epboat,33,9,0.76,False,False
epfj4g,t3_epfj4g,27,17,0.9,False,False
ephxlo,t3_ephxlo,5,0,0.38,False,False
epig4f,t3_epig4f,40,115,1.0,False,False
epkc07,t3_epkc07,8,7,0.9,False,False
eplkpx,t3_eplkpx,0,0,0.5,False,False
epnuwq,t3_epnuwq,6,2,0.75,False,False
epon77,t3_epon77,0,1,1.0,False,False
epoxjy,t3_epoxjy,3,1,0.67,False,False
epp1e1,t3_epp1e1,3,3,0.67,False,False
epp4zy,t3_epp4zy,70,41,0.85,False,False
eprd2u,t3_eprd2u,8,0,0.43,False,False
ept1o2,t3_ept1o2,2,2,1.0,False,False
epxkf0,t3_epxkf0,3,55,0.87,False,False
epzbnc,t3_epzbnc,17,3,0.8,False,False
eq00x4,t3_eq00x4,27,253,0.96,False,False
eq26vf,t3_eq26vf,12,2,1.0,False,False
eq2ct7,t3_eq2ct7,1,2,1.0,False,False
eq3itl,t3_eq3itl,6,2,0.75,False,False
eq5wm9,t3_eq5wm9,6,10,0.99,False,False
eq76s1,t3_eq76s1,2,1,1.0,False,False
eq84ps,t3_eq84ps,6,2,1.0,False,False
eqbgtj,t3_eqbgtj,4,1,1.0,False,False
eqdngh,t3_eqdngh,19,85,0.96,False,False
eqdx9s,t3_eqdx9s,18,15,0.89,False,False
ei7y3k,t3_ei7y3k,4,13,0.88,False,False
eia1hj,t3_eia1hj,14,0,0.43,False,False
eiad24,t3_eiad24,2,4,0.75,False,False
eiazzo,t3_eiazzo,35,128,0.98,False,False
eihldw,t3_eihldw,0,6,0.81,False,False
eij4s8,t3_eij4s8,0,0,0.29,False,False
eil8pv,t3_eil8pv,21,20,0.92,False,False
eime7c,t3_eime7c,24,158,0.99,False,False
einamc,t3_einamc,7,1,0.6,False,False
eiov9h,t3_eiov9h,12,0,0.5,False,False
eipjto,t3_eipjto,1,2,0.75,False,False
eiq7f0,t3_eiq7f0,0,1,1.0,False,False
eiry5c,t3_eiry5c,9,2,1.0,False,False
eiuhzp,t3_eiuhzp,2,0,0.2,False,False
eiuo1r,t3_eiuo1r,4,135,0.96,False,False
eiv1t2,t3_eiv1t2,8,1,0.6,False,False
eivsut,t3_eivsut,16,3,1.0,False,False
eiwmkq,t3_eiwmkq,16,40,0.9,False,False
eizg3n,t3_eizg3n,0,0,0.3,False,False
eizzqc,t3_eizzqc,2,0,0.5,False,False
ej0x69,t3_ej0x69,10,9,1.0,False,False
ej2bvx,t3_ej2bvx,12,1,1.0,False,False
ej3wzp,t3_ej3wzp,32,147,0.99,False,False
ej83m9,t3_ej83m9,12,1,1.0,False,False
ejdyw6,t3_ejdyw6,17,53,0.97,False,False
ejeugh,t3_ejeugh,4,2,1.0,False,False
ejexjv,t3_ejexjv,3,1,0.67,False,False
ejfn57,t3_ejfn57,114,192,0.96,False,False
ejfxfr,t3_ejfxfr,2,1,0.67,False,False
ejiiwd,t3_ejiiwd,6,3,0.8,False,False
ejimuw,t3_ejimuw,5,1,1.0,False,False
ejiuoz,t3_ejiuoz,3,1,0.57,False,False
ejiy8s,t3_ejiy8s,5,15,0.89,False,False
ejjoud,t3_ejjoud,9,1,0.67,False,False
ejl1ug,t3_ejl1ug,2,1,0.6,False,False
ejl92d,t3_ejl92d,2,0,0.5,False,False
ejnnrm,t3_ejnnrm,2,1,0.67,False,False
ejq1b2,t3_ejq1b2,3,0,0.5,False,False
ejtccb,t3_ejtccb,3,0,0.33,False,False
ejwgor,t3_ejwgor,12,83,0.94,False,False
ejy7ha,t3_ejy7ha,6,0,0.5,False,False
ejy7yp,t3_ejy7yp,7,0,0.43,False,False
ejzy7w,t3_ejzy7w,10,41,0.86,False,False
ek0wdo,t3_ek0wdo,2,1,0.67,False,False
ek15nj,t3_ek15nj,15,41,0.81,False,False
ek4144,t3_ek4144,1,0,0.5,False,False
ek4334,t3_ek4334,0,1,1.0,False,False
ek4q3m,t3_ek4q3m,27,13,0.82,False,False
ek52ot,t3_ek52ot,11,13,0.94,False,False
ek57si,t3_ek57si,9,1,1.0,False,False
ekar4e,t3_ekar4e,63,345,0.97,False,False
ekcwj3,t3_ekcwj3,3,4,0.83,False,False
ekfdnx,t3_ekfdnx,5,2,1.0,False,False
ekftdd,t3_ekftdd,12,0,0.25,False,False
ekg08e,t3_ekg08e,4,3,0.64,False,False
ekgy47,t3_ekgy47,8,3,0.8,False,False
ekldgn,t3_ekldgn,8,0,0.5,False,False
eklli0,t3_eklli0,8,34,0.92,False,False
ekmt45,t3_ekmt45,3,0,0.25,False,False
ekox8p,t3_ekox8p,5,51,0.83,False,False
ekpenc,t3_ekpenc,2,0,0.5,False,False
ekuafh,t3_ekuafh,4,3,0.8,False,False
ekw0gt,t3_ekw0gt,5,19,0.86,False,False
ekw8xn,t3_ekw8xn,0,1,1.0,False,False
ekwyin,t3_ekwyin,6,1,0.6,False,False
ekxqef,t3_ekxqef,7,10,0.92,False,False
el15i0,t3_el15i0,50,234,0.97,False,False
el2i1r,t3_el2i1r,1,1,1.0,False,False
el2rcl,t3_el2rcl,7,1,0.6,False,False
el4pxx,t3_el4pxx,7,3,0.8,False,False
elags4,t3_elags4,15,44,0.91,False,False
elbb1h,t3_elbb1h,0,1,1.0,False,False
eldhzp,t3_eldhzp,13,9,0.91,False,False
elf12y,t3_elf12y,9,4,1.0,False,False
elgmah,t3_elgmah,68,48,0.91,False,False
eli713,t3_eli713,7,52,0.93,False,False
eliaqf,t3_eliaqf,9,0,0.14,False,False
elih19,t3_elih19,6,0,0.25,False,False
eliwa8,t3_eliwa8,4,0,0.5,False,False
eljorr,t3_eljorr,3,14,1.0,False,False
elonk9,t3_elonk9,1,2,1.0,False,False
elqf18,t3_elqf18,4,0,0.28,False,False
elqr6p,t3_elqr6p,11,73,0.93,False,False
elqvia,t3_elqvia,16,149,0.82,False,False
elqxwb,t3_elqxwb,2,0,0.32,False,False
elrhqi,t3_elrhqi,20,7,1.0,False,False
elsdup,t3_elsdup,12,1,0.67,False,False
eltyot,t3_eltyot,2,0,0.43,False,False
elupa4,t3_elupa4,21,1,0.54,False,False
elwn8e,t3_elwn8e,2,0,0.43,False,False
elwner,t3_elwner,7,2,0.67,False,False
elxhb3,t3_elxhb3,26,5,0.72,False,False
elzcst,t3_elzcst,5,1,0.67,False,False
elzes3,t3_elzes3,8,0,0.5,False,False
elzkn5,t3_elzkn5,6,38,0.82,False,False
em1rry,t3_em1rry,1,1,1.0,False,False
em26ia,t3_em26ia,0,1,1.0,False,False
em4r5b,t3_em4r5b,4,1,0.67,False,False
em7ife,t3_em7ife,6,8,0.83,False,False
em9qvv,t3_em9qvv,16,48,0.92,False,False
ema19n,t3_ema19n,1,6,0.99,False,False
emehhl,t3_emehhl,6,2,1.0,False,False
emen77,t3_emen77,85,147,0.88,False,False
emf92s,t3_emf92s,2,18,1.0,False,False
emfd1f,t3_emfd1f,9,2,0.67,False,False
emgoj2,t3_emgoj2,13,15,0.84,False,False
emi4g8,t3_emi4g8,6,2,1.0,False,False
emlt3a,t3_emlt3a,3,5,1.0,False,False
emn21o,t3_emn21o,3,0,0.41,False,False
emo455,t3_emo455,1,1,1.0,False,False
emo8jd,t3_emo8jd,51,193,0.91,False,False
emp4qm,t3_emp4qm,10,9,1.0,False,False
emrffe,t3_emrffe,7,8,1.0,False,False
emrzf9,t3_emrzf9,2,1,0.67,False,False
ems390,t3_ems390,2,1,1.0,False,False
emtbd9,t3_emtbd9,3,1,1.0,False,False
emtwgz,t3_emtwgz,8,35,0.93,False,False
emtzn4,t3_emtzn4,9,6,0.8,False,False
emu9on,t3_emu9on,16,8,0.83,False,False
emur9s,t3_emur9s,8,0,0.39,False,False
emvrem,t3_emvrem,0,8,0.9,False,False
emx856,t3_emx856,10,38,0.97,False,False
en5z24,t3_en5z24,39,220,0.98,False,False
en6f3o,t3_en6f3o,6,17,0.9,False,False
encwvu,t3_encwvu,8,11,0.92,False,False
eng9c9,t3_eng9c9,7,4,0.71,False,False
enh4zn,t3_enh4zn,18,1,0.6,False,False
enhici,t3_enhici,9,2,0.63,False,False
enlyew,t3_enlyew,4,4,0.83,False,False
enlz8x,t3_enlz8x,25,82,0.95,False,False
enmjhh,t3_enmjhh,1,4,0.75,False,False
enmwmv,t3_enmwmv,3,4,1.0,False,False
enregw,t3_enregw,5,4,0.75,False,False
ensnwe,t3_ensnwe,0,1,0.67,False,False
env13r,t3_env13r,1,4,0.83,False,False
envrsl,t3_envrsl,3,0,0.44,False,False
envth1,t3_envth1,23,25,0.85,False,False
enw16b,t3_enw16b,8,5,0.86,False,False
enwo7g,t3_enwo7g,3,0,0.5,False,False
enwtvz,t3_enwtvz,7,1,0.6,False,False
eo28u4,t3_eo28u4,17,85,0.95,False,False
eo41gh,t3_eo41gh,2,2,0.75,False,False
eo5ozh,t3_eo5ozh,4,2,0.67,False,False
eo5u13,t3_eo5u13,2,1,0.56,False,False
eo7du7,t3_eo7du7,5,1,0.67,False,False
eoa01w,t3_eoa01w,7,2,0.67,False,False
eochb0,t3_eochb0,4,0,0.46,False,False
eoe6hr,t3_eoe6hr,65,166,0.91,False,False
eofmw2,t3_eofmw2,2,29,0.98,False,False
eoj1uu,t3_eoj1uu,3,1,0.6,False,False
eok3wl,t3_eok3wl,3,0,0.5,False,False
eokys6,t3_eokys6,2,1,0.67,False,False
eoldqa,t3_eoldqa,36,94,0.94,False,False
eoqppf,t3_eoqppf,2,3,1.0,False,False
eosnde,t3_eosnde,48,0,0.5,False,False
eot2to,t3_eot2to,4,1,0.56,False,False
eot3rh,t3_eot3rh,2,18,0.87,False,False
eowaef,t3_eowaef,6,0,0.5,False,False
eowk3t,t3_eowk3t,63,192,0.97,False,False
eox1ij,t3_eox1ij,9,2,0.6,False,False
eozfs7,t3_eozfs7,11,2,1.0,False,False
ep1nae,t3_ep1nae,0,2,1.0,False,False
ep2m3v,t3_ep2m3v,8,3,1.0,False,False
ep36hd,t3_ep36hd,9,7,0.89,False,False
ep4q52,t3_ep4q52,21,0,0.5,False,False
ep4snz,t3_ep4snz,8,0,0.5,False,False
ep5ghr,t3_ep5ghr,38,79,0.89,False,False
ep61zv,t3_ep61zv,2,0,0.5,False,False
ep79dy,t3_ep79dy,6,3,1.0,False,False
ep7fqh,t3_ep7fqh,3,0,0.33,False,False
ep7o4r,t3_ep7o4r,3,0,0.5,False,False
ep837v,t3_ep837v,3,2,0.75,False,False
ep8mgv,t3_ep8mgv,0,0,0.25,False,False
ep91l4,t3_ep91l4,6,0,0.38,False,False
ep9tcf,t3_ep9tcf,10,11,0.92,False,False
epboat,t3_epboat,33,8,0.75,False,False
epfj4g,t3_epfj4g,27,18,0.91,False,False
ephxlo,t3_ephxlo,5,0,0.5,False,False
epig4f,t3_epig4f,40,116,1.0,False,False
epkc07,t3_epkc07,8,5,0.79,False,False
eplkpx,t3_eplkpx,0,0,0.5,False,False
epnuwq,t3_epnuwq,6,2,0.75,False,False
epon77,t3_epon77,0,1,1.0,False,False
epoxjy,t3_epoxjy,3,1,0.67,False,False
epp1e1,t3_epp1e1,3,4,0.71,False,False
epp4zy,t3_epp4zy,70,39,0.83,False,False
eprd2u,t3_eprd2u,8,0,0.38,False,False
ept1o2,t3_ept1o2,2,2,1.0,False,False
epxkf0,t3_epxkf0,3,58,0.89,False,False
epzbnc,t3_epzbnc,17,2,0.67,False,False
eq00x4,t3_eq00x4,27,248,0.96,False,False
eq26vf,t3_eq26vf,12,2,1.0,False,False
eq2ct7,t3_eq2ct7,1,2,1.0,False,False
eq3itl,t3_eq3itl,6,2,0.75,False,False
eq5wm9,t3_eq5wm9,6,8,0.99,False,False
eq76s1,t3_eq76s1,2,1,1.0,False,False
eq84ps,t3_eq84ps,6,2,1.0,False,False
eqbgtj,t3_eqbgtj,4,1,1.0,False,False
eqdngh,t3_eqdngh,19,85,0.96,False,False
eqdx9s,t3_eqdx9s,18,15,0.86,False,False
eqef38,t3_eqef38,8,6,0.8,False,False
eqfbio,t3_eqfbio,0,1,1.0,False,False
eqfc8e,t3_eqfc8e,7,0,0.5,False,False
eqfonp,t3_eqfonp,2,2,1.0,False,False
eqfvog,t3_eqfvog,4,0,0.5,False,False
eqg12u,t3_eqg12u,27,309,0.91,False,False
eqh7lw,t3_eqh7lw,3,1,0.67,False,False
eqhou4,t3_eqhou4,6,3,0.72,False,False
eqi66q,t3_eqi66q,5,1,0.67,False,False
eqjxha,t3_eqjxha,0,1,1.0,False,False
eqknur,t3_eqknur,10,19,0.93,False,False
eqktnt,t3_eqktnt,5,11,0.77,False,False
eqr9ja,t3_eqr9ja,0,0,0.5,False,False
eqs05r,t3_eqs05r,26,99,0.76,False,False
eqt7o4,t3_eqt7o4,0,0,0.5,False,False
eqv5on,t3_eqv5on,5,3,1.0,False,False
eqy322,t3_eqy322,6,2,1.0,False,False
eqyc99,t3_eqyc99,2,0,0.2,False,False
eqzckv,t3_eqzckv,23,97,0.99,False,False
eqzolf,t3_eqzolf,8,6,0.87,False,False
er1vk1,t3_er1vk1,3,3,1.0,False,False
er3364,t3_er3364,0,1,1.0,False,False
er4e56,t3_er4e56,0,1,1.0,False,False
er4hgp,t3_er4hgp,1,0,0.5,False,False
er7r0b,t3_er7r0b,8,11,1.0,False,False
er9udi,t3_er9udi,4,0,0.17,False,False
erdirr,t3_erdirr,94,300,0.86,False,False
erg0mu,t3_erg0mu,7,1,0.66,False,False
erh0p6,t3_erh0p6,4,2,1.0,False,False
erh4m2,t3_erh4m2,11,2,1.0,False,False
erjyhl,t3_erjyhl,4,1,0.67,False,False
erkch4,t3_erkch4,6,1,1.0,False,False
ernenk,t3_ernenk,13,0,0.24,False,False
erojfi,t3_erojfi,3,3,0.72,False,False
erqj30,t3_erqj30,8,1,1.0,False,False
erqyds,t3_erqyds,0,1,1.0,False,False
erqyvh,t3_erqyvh,3,21,0.96,False,False
ers7o6,t3_ers7o6,106,48,0.83,False,False
ers8e3,t3_ers8e3,9,1,0.67,False,True
erse13,t3_erse13,3,1,0.6,False,False
ersy6g,t3_ersy6g,9,25,0.91,False,False
erv97o,t3_erv97o,6,3,0.67,False,False
ervgc1,t3_ervgc1,6,0,0.5,False,False
erwnp7,t3_erwnp7,18,3,0.67,False,False
erwsyq,t3_erwsyq,7,1,0.67,False,False
erzefg,t3_erzefg,2,4,0.67,False,False
es010q,t3_es010q,10,0,0.4,False,False
es03vd,t3_es03vd,47,73,0.88,False,False
es0bg0,t3_es0bg0,5,1,0.67,False,False
es0p4o,t3_es0p4o,2,2,1.0,False,False
es1ldz,t3_es1ldz,13,6,0.69,False,False
es39in,t3_es39in,1,0,0.43,False,False
es4ppw,t3_es4ppw,0,0,0.25,False,False
es69vj,t3_es69vj,6,0,0.25,False,False
es889t,t3_es889t,102,116,0.96,False,False
es941c,t3_es941c,9,4,0.76,False,False
es9xy5,t3_es9xy5,20,7,0.7,False,False
esccah,t3_esccah,5,0,0.4,False,False
esd6dt,t3_esd6dt,3,1,0.6,False,False
esdkxe,t3_esdkxe,6,2,0.76,False,False
esfp9s,t3_esfp9s,12,93,0.97,False,False
esg3ek,t3_esg3ek,2,1,0.67,False,False
esgog5,t3_esgog5,7,2,1.0,False,False
esh13o,t3_esh13o,2,1,1.0,False,False
esh5m8,t3_esh5m8,0,0,0.5,False,False
esht0l,t3_esht0l,5,3,0.81,False,False
eskx2c,t3_eskx2c,5,6,0.8,False,False
esmcao,t3_esmcao,1,1,1.0,False,False
esoj2j,t3_esoj2j,0,1,1.0,False,False
esrfno,t3_esrfno,54,142,0.97,False,False
ess2yx,t3_ess2yx,6,6,1.0,False,False
esvowf,t3_esvowf,2,0,0.5,False,False
esvpe8,t3_esvpe8,2,1,1.0,False,False
esvtnq,t3_esvtnq,4,5,1.0,False,False
eswri3,t3_eswri3,2,2,0.6,False,False
esxchf,t3_esxchf,0,1,1.0,False,False
esxjk5,t3_esxjk5,3,1,1.0,False,False
esy3lp,t3_esy3lp,7,1,0.6,False,False
esz8al,t3_esz8al,4,3,1.0,False,False
eszbah,t3_eszbah,0,3,1.0,False,False
et0m5f,t3_et0m5f,6,3,1.0,False,False
et1b93,t3_et1b93,23,19,0.8,False,False
et32kh,t3_et32kh,19,39,0.89,False,False
et53us,t3_et53us,8,3,0.81,False,False
et5xfp,t3_et5xfp,5,6,0.88,False,False
et8101,t3_et8101,7,3,0.8,False,False
et8nvb,t3_et8nvb,11,0,0.4,False,False
et8ti1,t3_et8ti1,7,86,0.9,False,False
et9otv,t3_et9otv,1,0,0.5,False,False
etcq8c,t3_etcq8c,6,1,0.67,False,False
etd4ub,t3_etd4ub,9,3,0.71,False,False
etd8dn,t3_etd8dn,17,2,0.75,False,False
eti3z5,t3_eti3z5,4,0,0.33,False,False
etjakf,t3_etjakf,7,2,0.63,False,False
etjnnq,t3_etjnnq,36,751,0.97,False,False
etk2zk,t3_etk2zk,26,14,0.94,False,False
etkdhq,t3_etkdhq,2,2,1.0,False,False
etkr99,t3_etkr99,2,0,0.33,False,False
etlgui,t3_etlgui,4,3,0.8,False,False
etm0n2,t3_etm0n2,4,0,0.33,False,False
ei7y3k,t3_ei7y3k,4,13,0.88,False,False
eia1hj,t3_eia1hj,14,0,0.33,False,False
eiad24,t3_eiad24,2,4,0.75,False,False
eiazzo,t3_eiazzo,35,129,0.98,False,False
eihldw,t3_eihldw,0,8,0.9,False,False
eij4s8,t3_eij4s8,0,0,0.29,False,False
eil8pv,t3_eil8pv,21,19,0.92,False,False
eime7c,t3_eime7c,24,160,0.99,False,False
einamc,t3_einamc,7,1,0.6,False,False
eiov9h,t3_eiov9h,12,0,0.5,False,False
eipjto,t3_eipjto,1,2,0.75,False,False
eiq7f0,t3_eiq7f0,0,1,1.0,False,False
eiry5c,t3_eiry5c,9,2,1.0,False,False
eiuhzp,t3_eiuhzp,2,0,0.2,False,False
eiuo1r,t3_eiuo1r,4,136,0.96,False,False
eiv1t2,t3_eiv1t2,8,1,0.6,False,False
eivsut,t3_eivsut,16,3,1.0,False,False
eiwmkq,t3_eiwmkq,16,38,0.88,False,False
eizg3n,t3_eizg3n,0,0,0.3,False,False
eizzqc,t3_eizzqc,2,0,0.5,False,False
ej0x69,t3_ej0x69,10,8,1.0,False,False
ej2bvx,t3_ej2bvx,12,1,1.0,False,False
ej3wzp,t3_ej3wzp,32,144,0.99,False,False
ej83m9,t3_ej83m9,12,1,1.0,False,False
ejdyw6,t3_ejdyw6,17,52,0.97,False,False
ejeugh,t3_ejeugh,4,2,1.0,False,False
ejexjv,t3_ejexjv,3,1,0.67,False,False
ejfn57,t3_ejfn57,114,192,0.96,False,False
ejfxfr,t3_ejfxfr,2,1,0.67,False,False
ejiiwd,t3_ejiiwd,6,4,0.83,False,False
ejimuw,t3_ejimuw,5,1,1.0,False,False
ejiuoz,t3_ejiuoz,3,0,0.5,False,False
ejiy8s,t3_ejiy8s,5,13,0.85,False,False
ejjoud,t3_ejjoud,9,1,0.67,False,False
ejl1ug,t3_ejl1ug,2,1,0.6,False,False
ejl92d,t3_ejl92d,2,0,0.5,False,False
ejnnrm,t3_ejnnrm,2,1,0.67,False,False
ejq1b2,t3_ejq1b2,3,0,0.5,False,False
ejtccb,t3_ejtccb,3,0,0.33,False,False
ejwgor,t3_ejwgor,12,82,0.94,False,False
ejy7ha,t3_ejy7ha,6,0,0.5,False,False
ejy7yp,t3_ejy7yp,7,0,0.43,False,False
ejzy7w,t3_ejzy7w,10,40,0.86,False,False
ek0wdo,t3_ek0wdo,2,1,0.67,False,False
ek15nj,t3_ek15nj,15,42,0.82,False,False
ek4144,t3_ek4144,1,0,0.44,False,False
ek4334,t3_ek4334,0,1,1.0,False,False
ek4q3m,t3_ek4q3m,27,11,0.8,False,False
ek52ot,t3_ek52ot,11,13,0.9,False,False
ek57si,t3_ek57si,9,1,1.0,False,False
ekar4e,t3_ekar4e,63,349,0.97,False,False
ekcwj3,t3_ekcwj3,3,3,0.72,False,False
ekfdnx,t3_ekfdnx,5,2,1.0,False,False
ekftdd,t3_ekftdd,12,0,0.25,False,False
ekg08e,t3_ekg08e,4,4,0.7,False,False
ekgy47,t3_ekgy47,8,2,0.67,False,False
ekldgn,t3_ekldgn,8,0,0.5,False,False
eklli0,t3_eklli0,8,31,0.89,False,False
ekmt45,t3_ekmt45,3,0,0.25,False,False
ekox8p,t3_ekox8p,5,53,0.84,False,False
ekpenc,t3_ekpenc,2,0,0.5,False,False
ekuafh,t3_ekuafh,4,2,0.67,False,False
ekw0gt,t3_ekw0gt,5,20,0.92,False,False
ekw8xn,t3_ekw8xn,0,1,1.0,False,False
ekwyin,t3_ekwyin,6,1,0.6,False,False
ekxqef,t3_ekxqef,7,8,0.84,False,False
el15i0,t3_el15i0,50,236,0.97,False,False
el2i1r,t3_el2i1r,1,1,1.0,False,False
el2rcl,t3_el2rcl,7,1,0.6,False,False
el4pxx,t3_el4pxx,7,3,0.8,False,False
elags4,t3_elags4,15,44,0.91,False,False
elbb1h,t3_elbb1h,0,1,1.0,False,False
eldhzp,t3_eldhzp,13,9,0.91,False,False
elf12y,t3_elf12y,9,4,1.0,False,False
elgmah,t3_elgmah,68,49,0.93,False,False
eli713,t3_eli713,7,52,0.92,False,False
eliaqf,t3_eliaqf,9,0,0.13,False,False
elih19,t3_elih19,6,0,0.29,False,False
eliwa8,t3_eliwa8,4,0,0.5,False,False
eljorr,t3_eljorr,3,15,0.95,False,False
elonk9,t3_elonk9,1,2,1.0,False,False
elqf18,t3_elqf18,4,0,0.24,False,False
elqr6p,t3_elqr6p,11,72,0.93,False,False
elqvia,t3_elqvia,16,148,0.82,False,False
elqxwb,t3_elqxwb,2,0,0.33,False,False
elrhqi,t3_elrhqi,20,8,1.0,False,False
elsdup,t3_elsdup,12,1,0.67,False,False
eltyot,t3_eltyot,2,0,0.43,False,False
elupa4,t3_elupa4,21,1,0.55,False,False
elwn8e,t3_elwn8e,2,0,0.5,False,False
elwner,t3_elwner,7,2,0.67,False,False
elxhb3,t3_elxhb3,26,6,0.74,False,False
elzcst,t3_elzcst,5,1,0.67,False,False
elzes3,t3_elzes3,8,0,0.5,False,False
elzkn5,t3_elzkn5,6,42,0.83,False,False
em1rry,t3_em1rry,1,1,1.0,False,False
em26ia,t3_em26ia,0,1,1.0,False,False
em4r5b,t3_em4r5b,4,1,0.67,False,False
em7ife,t3_em7ife,6,9,0.84,False,False
em9qvv,t3_em9qvv,16,44,0.91,False,False
ema19n,t3_ema19n,1,6,0.87,False,False
emehhl,t3_emehhl,6,2,1.0,False,False
emen77,t3_emen77,85,151,0.88,False,False
emf92s,t3_emf92s,2,17,1.0,False,False
emfd1f,t3_emfd1f,9,3,0.8,False,False
emgoj2,t3_emgoj2,13,14,0.86,False,False
emi4g8,t3_emi4g8,6,2,1.0,False,False
emlt3a,t3_emlt3a,3,5,1.0,False,False
emn21o,t3_emn21o,3,0,0.41,False,False
emo455,t3_emo455,1,1,1.0,False,False
emo8jd,t3_emo8jd,51,192,0.91,False,False
emp4qm,t3_emp4qm,10,9,0.86,False,False
emrffe,t3_emrffe,7,9,1.0,False,False
emrzf9,t3_emrzf9,2,1,0.67,False,False
ems390,t3_ems390,2,1,1.0,False,False
emtbd9,t3_emtbd9,3,1,1.0,False,False
emtwgz,t3_emtwgz,8,34,0.94,False,False
emtzn4,t3_emtzn4,9,6,0.8,False,False
emu9on,t3_emu9on,16,9,0.84,False,False
emur9s,t3_emur9s,8,0,0.39,False,False
emvrem,t3_emvrem,0,7,0.82,False,False
emx856,t3_emx856,10,38,0.97,False,False
en5z24,t3_en5z24,39,216,0.98,False,False
en6f3o,t3_en6f3o,6,17,0.9,False,False
encwvu,t3_encwvu,8,10,0.82,False,False
eng9c9,t3_eng9c9,7,6,0.87,False,False
enh4zn,t3_enh4zn,18,1,0.6,False,False
enhici,t3_enhici,9,2,0.63,False,False
enlyew,t3_enlyew,4,1,0.57,False,False
enlz8x,t3_enlz8x,25,84,0.95,False,False
enmjhh,t3_enmjhh,1,5,0.86,False,False
enmwmv,t3_enmwmv,3,4,1.0,False,False
enregw,t3_enregw,5,4,0.75,False,False
ensnwe,t3_ensnwe,0,1,0.67,False,False
env13r,t3_env13r,1,2,0.67,False,False
envrsl,t3_envrsl,3,0,0.5,False,False
envth1,t3_envth1,23,26,0.85,False,False
enw16b,t3_enw16b,8,4,0.83,False,False
enwo7g,t3_enwo7g,3,0,0.5,False,False
enwtvz,t3_enwtvz,7,1,0.6,False,False
eo28u4,t3_eo28u4,17,82,0.94,False,False
eo41gh,t3_eo41gh,2,2,0.75,False,False
eo5ozh,t3_eo5ozh,4,3,0.71,False,False
eo5u13,t3_eo5u13,2,2,0.63,False,False
eo7du7,t3_eo7du7,5,1,0.67,False,False
eoa01w,t3_eoa01w,7,3,0.71,False,False
eochb0,t3_eochb0,4,0,0.43,False,False
eoe6hr,t3_eoe6hr,65,164,0.91,False,False
eofmw2,t3_eofmw2,2,28,0.98,False,False
eoj1uu,t3_eoj1uu,3,1,0.6,False,False
eok3wl,t3_eok3wl,3,0,0.5,False,False
eokys6,t3_eokys6,2,1,0.67,False,False
eoldqa,t3_eoldqa,36,98,0.94,False,False
eoqppf,t3_eoqppf,2,3,1.0,False,False
eosnde,t3_eosnde,48,3,0.6,False,False
eot2to,t3_eot2to,4,1,0.56,False,False
eot3rh,t3_eot3rh,2,17,0.84,False,False
eowaef,t3_eowaef,6,0,0.5,False,False
eowk3t,t3_eowk3t,63,192,0.97,False,False
eox1ij,t3_eox1ij,9,2,0.6,False,False
eozfs7,t3_eozfs7,11,2,1.0,False,False
ep1nae,t3_ep1nae,0,2,1.0,False,False
ep2m3v,t3_ep2m3v,8,3,1.0,False,False
ep36hd,t3_ep36hd,9,6,0.88,False,False
ep4q52,t3_ep4q52,21,0,0.5,False,False
ep4snz,t3_ep4snz,8,0,0.5,False,False
ep5ghr,t3_ep5ghr,38,82,0.9,False,False
ep61zv,t3_ep61zv,2,0,0.5,False,False
ep79dy,t3_ep79dy,6,3,1.0,False,False
ep7fqh,t3_ep7fqh,3,0,0.33,False,False
ep7o4r,t3_ep7o4r,3,0,0.5,False,False
ep837v,t3_ep837v,3,2,0.75,False,False
ep8mgv,t3_ep8mgv,0,0,0.25,False,False
ep91l4,t3_ep91l4,6,0,0.4,False,False
ep9tcf,t3_ep9tcf,10,10,0.86,False,False
epboat,t3_epboat,33,9,0.76,False,False
epfj4g,t3_epfj4g,27,16,0.87,False,False
ephxlo,t3_ephxlo,5,0,0.43,False,False
epig4f,t3_epig4f,40,119,1.0,False,False
epkc07,t3_epkc07,8,9,1.0,False,False
eplkpx,t3_eplkpx,0,0,0.5,False,False
epnuwq,t3_epnuwq,6,2,0.75,False,False
epon77,t3_epon77,0,1,1.0,False,False
epoxjy,t3_epoxjy,3,1,0.67,False,False
epp1e1,t3_epp1e1,3,2,0.63,False,False
epp4zy,t3_epp4zy,70,39,0.83,False,False
eprd2u,t3_eprd2u,8,0,0.43,False,False
ept1o2,t3_ept1o2,2,2,1.0,False,False
epxkf0,t3_epxkf0,3,57,0.88,False,False
epzbnc,t3_epzbnc,17,3,0.8,False,False
eq00x4,t3_eq00x4,27,254,0.96,False,False
eq26vf,t3_eq26vf,12,2,1.0,False,False
eq2ct7,t3_eq2ct7,1,2,1.0,False,False
eq3itl,t3_eq3itl,6,2,0.75,False,False
eq5wm9,t3_eq5wm9,6,7,0.82,False,False
eq76s1,t3_eq76s1,2,1,1.0,False,False
eq84ps,t3_eq84ps,6,2,1.0,False,False
eqbgtj,t3_eqbgtj,4,1,1.0,False,False
eqdngh,t3_eqdngh,19,84,0.96,False,False
eqdx9s,t3_eqdx9s,18,15,0.86,False,False
eqef38,t3_eqef38,8,7,0.82,False,False
eqfbio,t3_eqfbio,0,1,1.0,False,False
eqfc8e,t3_eqfc8e,7,0,0.5,False,False
eqfonp,t3_eqfonp,2,2,1.0,False,False
eqfvog,t3_eqfvog,4,0,0.5,False,False
eqg12u,t3_eqg12u,27,311,0.91,False,False
eqh7lw,t3_eqh7lw,3,1,0.67,False,False
eqhou4,t3_eqhou4,6,2,0.67,False,False
eqi66q,t3_eqi66q,5,1,0.67,False,False
eqjxha,t3_eqjxha,0,1,1.0,False,False
eqknur,t3_eqknur,10,20,0.93,False,False
eqktnt,t3_eqktnt,5,13,0.81,False,False
eqr9ja,t3_eqr9ja,0,0,0.5,False,False
eqs05r,t3_eqs05r,26,102,0.76,False,False
eqt7o4,t3_eqt7o4,0,0,0.5,False,False
eqv5on,t3_eqv5on,5,3,1.0,False,False
eqy322,t3_eqy322,6,2,1.0,False,False
eqyc99,t3_eqyc99,2,0,0.2,False,False
eqzckv,t3_eqzckv,23,94,0.98,False,False
eqzolf,t3_eqzolf,8,6,0.87,False,False
er1vk1,t3_er1vk1,3,3,1.0,False,False
er3364,t3_er3364,0,1,1.0,False,False
er4e56,t3_er4e56,0,1,1.0,False,False
er4hgp,t3_er4hgp,1,0,0.5,False,False
er7r0b,t3_er7r0b,8,10,0.92,False,False
er9udi,t3_er9udi,4,0,0.21,False,False
erdirr,t3_erdirr,94,311,0.86,False,False
erg0mu,t3_erg0mu,7,1,0.66,False,False
erh0p6,t3_erh0p6,4,2,1.0,False,False
erh4m2,t3_erh4m2,11,2,1.0,False,False
erjyhl,t3_erjyhl,4,1,0.67,False,False
erkch4,t3_erkch4,6,1,1.0,False,False
ernenk,t3_ernenk,13,0,0.22,False,False
erojfi,t3_erojfi,3,3,0.72,False,False
erqj30,t3_erqj30,8,1,1.0,False,False
erqyds,t3_erqyds,0,1,1.0,False,False
erqyvh,t3_erqyvh,3,22,0.96,False,False
ers7o6,t3_ers7o6,106,53,0.84,False,False
ers8e3,t3_ers8e3,9,1,0.67,False,True
erse13,t3_erse13,3,1,0.6,False,False
ersy6g,t3_ersy6g,9,25,0.93,False,False
erv97o,t3_erv97o,6,2,0.63,False,False
ervgc1,t3_ervgc1,6,0,0.5,False,False
erwnp7,t3_erwnp7,18,3,0.71,False,False
erwsyq,t3_erwsyq,7,1,0.67,False,False
erzefg,t3_erzefg,2,3,0.62,False,False
es010q,t3_es010q,10,0,0.4,False,False
es03vd,t3_es03vd,47,66,0.86,False,False
es0bg0,t3_es0bg0,5,1,0.67,False,False
es0p4o,t3_es0p4o,2,2,1.0,False,False
es1ldz,t3_es1ldz,13,9,0.8,False,False
es39in,t3_es39in,1,0,0.43,False,False
es4ppw,t3_es4ppw,0,0,0.25,False,False
es69vj,t3_es69vj,6,0,0.29,False,False
es889t,t3_es889t,102,117,0.96,False,False
es941c,t3_es941c,9,5,0.86,False,False
es9xy5,t3_es9xy5,20,8,0.72,False,False
esccah,t3_esccah,5,0,0.4,False,False
esd6dt,t3_esd6dt,3,1,0.6,False,False
esdkxe,t3_esdkxe,6,2,0.76,False,False
esfp9s,t3_esfp9s,12,90,0.96,False,False
esg3ek,t3_esg3ek,2,1,0.67,False,False
esgog5,t3_esgog5,7,2,1.0,False,False
esh13o,t3_esh13o,2,1,1.0,False,False
esh5m8,t3_esh5m8,0,0,0.5,False,False
esht0l,t3_esht0l,5,4,1.0,False,False
eskx2c,t3_eskx2c,5,5,0.78,False,False
esmcao,t3_esmcao,1,1,1.0,False,False
esoj2j,t3_esoj2j,0,1,1.0,False,False
esrfno,t3_esrfno,54,149,0.97,False,False
ess2yx,t3_ess2yx,6,5,0.86,False,False
esvowf,t3_esvowf,2,0,0.5,False,False
esvpe8,t3_esvpe8,2,1,1.0,False,False
esvtnq,t3_esvtnq,4,4,0.84,False,False
eswri3,t3_eswri3,2,2,0.63,False,False
esxchf,t3_esxchf,0,1,1.0,False,False
esxjk5,t3_esxjk5,3,1,1.0,False,False
esy3lp,t3_esy3lp,7,1,0.6,False,False
esz8al,t3_esz8al,4,3,1.0,False,False
eszbah,t3_eszbah,0,3,1.0,False,False
et0m5f,t3_et0m5f,6,3,1.0,False,False
et1b93,t3_et1b93,23,18,0.79,False,False
et32kh,t3_et32kh,19,39,0.92,False,False
et53us,t3_et53us,8,4,0.84,False,False
et5xfp,t3_et5xfp,5,7,0.89,False,False
et8101,t3_et8101,7,3,0.8,False,False
et8nvb,t3_et8nvb,11,0,0.4,False,False
et8ti1,t3_et8ti1,7,84,0.9,False,False
et9otv,t3_et9otv,1,0,0.5,False,False
etcq8c,t3_etcq8c,6,1,0.67,False,False
etd4ub,t3_etd4ub,9,4,0.75,False,False
etd8dn,t3_etd8dn,17,2,0.75,False,False
eti3z5,t3_eti3z5,4,0,0.33,False,False
etjakf,t3_etjakf,7,2,0.63,False,False
etjnnq,t3_etjnnq,36,753,0.97,False,False
etk2zk,t3_etk2zk,26,13,0.89,False,False
etkdhq,t3_etkdhq,2,2,1.0,False,False
etkr99,t3_etkr99,2,0,0.33,False,False
etlgui,t3_etlgui,4,4,0.83,False,False
etm0n2,t3_etm0n2,4,0,0.33,False,False
etnd2p,t3_etnd2p,3,0,0.5,False,False
etnpvo,t3_etnpvo,7,1,0.57,False,False
etny1y,t3_etny1y,6,0,0.4,False,False
etqy8m,t3_etqy8m,7,0,0.4,False,False
etr5bo,t3_etr5bo,3,0,0.5,False,False
etrc61,t3_etrc61,3,0,0.5,False,False
ettf1u,t3_ettf1u,14,0,0.5,False,False
etu8wb,t3_etu8wb,13,31,0.91,False,False
etzm0y,t3_etzm0y,4,4,0.67,False,False
eu3wjr,t3_eu3wjr,0,11,1.0,False,False
eu4urz,t3_eu4urz,25,123,0.94,False,False
eu51f0,t3_eu51f0,12,0,0.23,False,False
eu6af5,t3_eu6af5,3,0,0.5,False,False
eu71r9,t3_eu71r9,7,2,0.75,False,False
eu88r3,t3_eu88r3,22,8,0.7,False,False
eu8uhf,t3_eu8uhf,5,2,1.0,False,False
euaocz,t3_euaocz,9,8,1.0,False,False
euayin,t3_euayin,1,3,0.71,False,False
eudeo4,t3_eudeo4,5,2,0.75,False,False
eudnd8,t3_eudnd8,16,77,0.95,False,False
eui2vv,t3_eui2vv,121,114,0.88,False,False
eum9be,t3_eum9be,40,21,0.87,False,False
eumkip,t3_eumkip,3,8,0.9,False,False
eund6n,t3_eund6n,5,5,1.0,False,False
eungch,t3_eungch,16,46,0.76,False,False
euohrn,t3_euohrn,2,0,0.33,False,False
eup4xh,t3_eup4xh,8,2,0.62,False,False
euvw2v,t3_euvw2v,0,2,1.0,False,False
euwfck,t3_euwfck,4,1,0.6,False,False
euxaml,t3_euxaml,8,16,0.87,False,False
euzrqm,t3_euzrqm,33,99,0.97,False,False
ev2ijj,t3_ev2ijj,10,3,0.8,False,False
ev49l8,t3_ev49l8,31,127,0.95,False,False
ev5srt,t3_ev5srt,16,8,0.79,False,False
ev5uvs,t3_ev5uvs,11,5,0.58,False,False
ev6cdx,t3_ev6cdx,4,6,0.88,False,False
ev7ja0,t3_ev7ja0,12,15,0.95,False,False
ev7xgs,t3_ev7xgs,21,10,0.86,False,False
ev7zmn,t3_ev7zmn,0,1,1.0,False,False
ev86zg,t3_ev86zg,8,2,1.0,False,False
ev8izs,t3_ev8izs,1,6,1.0,False,False
ev9vn5,t3_ev9vn5,9,0,0.5,False,False
evav0e,t3_evav0e,1,0,0.5,False,False
evd4mm,t3_evd4mm,1,1,0.67,False,False
evf7bq,t3_evf7bq,9,4,0.83,False,False
evfp8i,t3_evfp8i,4,1,0.6,False,False
evgtms,t3_evgtms,17,293,0.99,False,False
evgvnq,t3_evgvnq,0,0,0.5,False,False
evksty,t3_evksty,3,3,1.0,False,False
evkvqo,t3_evkvqo,1,24,1.0,False,False
evkw85,t3_evkw85,6,2,0.63,False,False
evl72s,t3_evl72s,1,1,1.0,False,False
evn5kh,t3_evn5kh,5,8,0.9,False,False
evn98d,t3_evn98d,5,10,1.0,False,False
evofvl,t3_evofvl,5,7,1.0,False,False
evoww2,t3_evoww2,6,4,0.75,False,False
evoys9,t3_evoys9,13,99,0.97,False,False
evswbz,t3_evswbz,13,9,1.0,False,False
evvg4c,t3_evvg4c,6,1,0.57,False,False
evvvd5,t3_evvvd5,7,0,0.5,False,False
evvvrm,t3_evvvrm,14,14,0.94,False,False
evwzcm,t3_evwzcm,6,0,0.25,False,False
ew2pwx,t3_ew2pwx,14,74,0.96,False,False
ew5w4j,t3_ew5w4j,9,1,0.6,False,False
ew8kas,t3_ew8kas,48,196,0.97,False,False
ew90um,t3_ew90um,8,5,1.0,False,False
ewagaw,t3_ewagaw,6,1,0.6,False,False
ewangu,t3_ewangu,4,0,0.5,False,False
ewbs68,t3_ewbs68,3,0,0.5,False,False
ewc257,t3_ewc257,4,0,0.25,False,False
ewfndy,t3_ewfndy,5,21,1.0,False,False
ewfnir,t3_ewfnir,2,1,0.67,False,False
ewfssc,t3_ewfssc,6,3,0.71,False,False
ewkvg5,t3_ewkvg5,0,0,0.18,False,False
ewlb17,t3_ewlb17,17,40,0.84,False,False
ewmh8c,t3_ewmh8c,4,7,0.77,False,False
ewmj1x,t3_ewmj1x,3,1,0.6,False,False
ewmxrm,t3_ewmxrm,38,4,0.75,False,False
ewo62w,t3_ewo62w,36,240,0.86,False,False
ewovez,t3_ewovez,4,1,0.67,False,False
ewswgj,t3_ewswgj,1,0,0.29,False,False
ewtm4i,t3_ewtm4i,21,39,0.81,False,False
ewurxk,t3_ewurxk,7,2,0.58,False,False
ewy4lh,t3_ewy4lh,5,0,0.43,False,False
ex1vlv,t3_ex1vlv,23,66,0.92,False,False
ex44tp,t3_ex44tp,2,7,0.82,False,False
ex482s,t3_ex482s,13,2,0.67,False,False
ex5k1t,t3_ex5k1t,2,1,0.67,False,False
ex6wme,t3_ex6wme,15,0,0.5,False,False
ex9m6c,t3_ex9m6c,2,0,0.5,False,False
exatlc,t3_exatlc,13,133,0.96,False,False
exax0v,t3_exax0v,11,0,0.5,False,False
exr3rt,t3_exr3rt,5,9,0.66,False,False
exuvis,t3_exuvis,2,8,0.59,False,False
exv3qa,t3_exv3qa,8,1,0.6,False,False
exvvil,t3_exvvil,27,25,0.91,False,False
exxms1,t3_exxms1,2,1,0.66,False,False
exyufz,t3_exyufz,5,0,0.2,False,False
exz3ik,t3_exz3ik,48,212,0.96,False,False
ey1f62,t3_ey1f62,4,0,0.5,False,False
ei7y3k,t3_ei7y3k,4,13,0.88,False,False
eia1hj,t3_eia1hj,14,0,0.33,False,False
eiad24,t3_eiad24,2,5,0.78,False,False
eiazzo,t3_eiazzo,35,125,0.98,False,False
eihldw,t3_eihldw,0,7,0.82,False,False
eij4s8,t3_eij4s8,0,0,0.33,False,False
eil8pv,t3_eil8pv,21,20,0.95,False,False
eime7c,t3_eime7c,24,162,0.99,False,False
einamc,t3_einamc,7,1,0.6,False,False
eiov9h,t3_eiov9h,12,0,0.5,False,False
eipjto,t3_eipjto,1,2,0.75,False,False
eiq7f0,t3_eiq7f0,0,1,1.0,False,False
eiry5c,t3_eiry5c,9,2,1.0,False,False
eiuhzp,t3_eiuhzp,2,0,0.2,False,False
eiuo1r,t3_eiuo1r,4,134,0.96,False,False
eiv1t2,t3_eiv1t2,8,1,0.6,False,False
eivsut,t3_eivsut,16,3,1.0,False,False
eiwmkq,t3_eiwmkq,16,40,0.89,False,False
eizg3n,t3_eizg3n,0,0,0.3,False,False
eizzqc,t3_eizzqc,2,0,0.5,False,False
ej0x69,t3_ej0x69,10,8,1.0,False,False
ej2bvx,t3_ej2bvx,12,1,1.0,False,False
ej3wzp,t3_ej3wzp,32,143,0.99,False,False
ej83m9,t3_ej83m9,12,1,1.0,False,False
ejdyw6,t3_ejdyw6,17,53,0.98,False,False
ejeugh,t3_ejeugh,4,2,1.0,False,False
ejexjv,t3_ejexjv,3,1,0.67,False,False
ejfn57,t3_ejfn57,114,192,0.96,False,False
ejfxfr,t3_ejfxfr,2,1,0.67,False,False
ejiiwd,t3_ejiiwd,6,5,0.86,False,False
ejimuw,t3_ejimuw,5,1,1.0,False,False
ejiuoz,t3_ejiuoz,3,1,0.57,False,False
ejiy8s,t3_ejiy8s,5,14,0.89,False,False
ejjoud,t3_ejjoud,9,1,0.67,False,False
ejl1ug,t3_ejl1ug,2,1,0.6,False,False
ejl92d,t3_ejl92d,2,0,0.5,False,False
ejnnrm,t3_ejnnrm,2,1,0.67,False,False
ejq1b2,t3_ejq1b2,3,0,0.5,False,False
ejtccb,t3_ejtccb,3,0,0.33,False,False
ejwgor,t3_ejwgor,12,82,0.94,False,False
ejy7ha,t3_ejy7ha,6,0,0.5,False,False
ejy7yp,t3_ejy7yp,7,0,0.43,False,False
ejzy7w,t3_ejzy7w,10,42,0.87,False,False
ek0wdo,t3_ek0wdo,2,1,0.67,False,False
ek15nj,t3_ek15nj,15,39,0.8,False,False
ek4144,t3_ek4144,1,1,0.56,False,False
ek4334,t3_ek4334,0,1,1.0,False,False
ek4q3m,t3_ek4q3m,27,15,0.89,False,False
ek52ot,t3_ek52ot,11,14,0.95,False,False
ek57si,t3_ek57si,9,1,1.0,False,False
ekar4e,t3_ekar4e,63,348,0.97,False,False
ekcwj3,t3_ekcwj3,3,4,0.83,False,False
ekfdnx,t3_ekfdnx,5,2,1.0,False,False
ekftdd,t3_ekftdd,12,0,0.25,False,False
ekg08e,t3_ekg08e,4,5,0.73,False,False
ekgy47,t3_ekgy47,8,3,0.8,False,False
ekldgn,t3_ekldgn,8,0,0.5,False,False
eklli0,t3_eklli0,8,33,0.92,False,False
ekmt45,t3_ekmt45,3,0,0.25,False,False
ekox8p,t3_ekox8p,5,50,0.83,False,False
ekpenc,t3_ekpenc,2,0,0.5,False,False
ekuafh,t3_ekuafh,4,4,0.83,False,False
ekw0gt,t3_ekw0gt,5,20,0.87,False,False
ekw8xn,t3_ekw8xn,0,1,1.0,False,False
ekwyin,t3_ekwyin,6,1,0.6,False,False
ekxqef,t3_ekxqef,7,9,0.91,False,False
el15i0,t3_el15i0,50,236,0.97,False,False
el2i1r,t3_el2i1r,1,1,1.0,False,False
el2rcl,t3_el2rcl,7,1,0.6,False,False
el4pxx,t3_el4pxx,7,3,0.8,False,False
elags4,t3_elags4,15,46,0.91,False,False
elbb1h,t3_elbb1h,0,1,1.0,False,False
eldhzp,t3_eldhzp,13,8,0.84,False,False
elf12y,t3_elf12y,9,3,0.81,False,False
elgmah,t3_elgmah,68,52,0.94,False,False
eli713,t3_eli713,7,52,0.92,False,False
eliaqf,t3_eliaqf,9,0,0.22,False,False
elih19,t3_elih19,6,0,0.29,False,False
eliwa8,t3_eliwa8,4,0,0.5,False,False
eljorr,t3_eljorr,3,14,1.0,False,False
elonk9,t3_elonk9,1,2,1.0,False,False
elqf18,t3_elqf18,4,0,0.25,False,False
elqr6p,t3_elqr6p,11,75,0.94,False,False
elqvia,t3_elqvia,16,148,0.82,False,False
elqxwb,t3_elqxwb,2,0,0.28,False,False
elrhqi,t3_elrhqi,20,8,1.0,False,False
elsdup,t3_elsdup,12,1,0.67,False,False
eltyot,t3_eltyot,2,0,0.43,False,False
elupa4,t3_elupa4,21,4,0.66,False,False
elwn8e,t3_elwn8e,2,0,0.43,False,False
elwner,t3_elwner,7,2,0.67,False,False
elxhb3,t3_elxhb3,26,4,0.67,False,False
elzcst,t3_elzcst,5,1,0.67,False,False
elzes3,t3_elzes3,8,0,0.5,False,False
elzkn5,t3_elzkn5,6,40,0.82,False,False
em1rry,t3_em1rry,1,1,1.0,False,False
em26ia,t3_em26ia,0,1,1.0,False,False
em4r5b,t3_em4r5b,4,1,0.67,False,False
em7ife,t3_em7ife,6,9,0.84,False,False
em9qvv,t3_em9qvv,16,45,0.92,False,False
ema19n,t3_ema19n,1,6,0.87,False,False
emehhl,t3_emehhl,6,2,1.0,False,False
emen77,t3_emen77,85,151,0.88,False,False
emf92s,t3_emf92s,2,17,1.0,False,False
emfd1f,t3_emfd1f,9,3,0.72,False,False
emgoj2,t3_emgoj2,13,14,0.83,False,False
emi4g8,t3_emi4g8,6,2,1.0,False,False
emlt3a,t3_emlt3a,3,5,1.0,False,False
emn21o,t3_emn21o,3,0,0.38,False,False
emo455,t3_emo455,1,1,1.0,False,False
emo8jd,t3_emo8jd,51,191,0.91,False,False
emp4qm,t3_emp4qm,10,8,0.91,False,False
emrffe,t3_emrffe,7,8,1.0,False,False
emrzf9,t3_emrzf9,2,1,0.67,False,False
ems390,t3_ems390,2,1,1.0,False,False
emtbd9,t3_emtbd9,3,1,1.0,False,False
emtwgz,t3_emtwgz,8,39,0.98,False,False
emtzn4,t3_emtzn4,9,6,0.8,False,False
emu9on,t3_emu9on,16,8,0.83,False,False
emur9s,t3_emur9s,8,0,0.33,False,False
emvrem,t3_emvrem,0,8,0.84,False,False
emx856,t3_emx856,10,34,0.94,False,False
en5z24,t3_en5z24,39,217,0.98,False,False
en6f3o,t3_en6f3o,6,15,0.86,False,False
encwvu,t3_encwvu,8,11,0.92,False,False
eng9c9,t3_eng9c9,7,3,0.72,False,False
enh4zn,t3_enh4zn,18,1,0.6,False,False
enhici,t3_enhici,9,2,0.63,False,False
enlyew,t3_enlyew,4,1,0.57,False,False
enlz8x,t3_enlz8x,25,81,0.95,False,False
enmjhh,t3_enmjhh,1,4,0.83,False,False
enmwmv,t3_enmwmv,3,5,1.0,False,False
enregw,t3_enregw,5,3,0.71,False,False
ensnwe,t3_ensnwe,0,1,0.67,False,False
env13r,t3_env13r,1,2,0.67,False,False
envrsl,t3_envrsl,3,0,0.5,False,False
envth1,t3_envth1,23,25,0.85,False,False
enw16b,t3_enw16b,8,4,0.83,False,False
enwo7g,t3_enwo7g,3,0,0.5,False,False
enwtvz,t3_enwtvz,7,1,0.6,False,False
eo28u4,t3_eo28u4,17,85,0.95,False,False
eo41gh,t3_eo41gh,2,2,0.75,False,False
eo5ozh,t3_eo5ozh,4,2,0.63,False,False
eo5u13,t3_eo5u13,2,3,0.67,False,False
eo7du7,t3_eo7du7,5,1,0.67,False,False
eoa01w,t3_eoa01w,7,1,0.57,False,False
eochb0,t3_eochb0,4,0,0.46,False,False
eoe6hr,t3_eoe6hr,65,162,0.91,False,False
eofmw2,t3_eofmw2,2,29,1.0,False,False
eoj1uu,t3_eoj1uu,3,1,0.6,False,False
eok3wl,t3_eok3wl,3,0,0.5,False,False
eokys6,t3_eokys6,2,1,0.67,False,False
eoldqa,t3_eoldqa,36,97,0.94,False,False
eoqppf,t3_eoqppf,2,3,1.0,False,False
eosnde,t3_eosnde,48,0,0.47,False,False
eot2to,t3_eot2to,4,2,0.6,False,False
eot3rh,t3_eot3rh,2,20,0.88,False,False
eowaef,t3_eowaef,6,0,0.5,False,False
eowk3t,t3_eowk3t,63,195,0.97,False,False
eox1ij,t3_eox1ij,9,2,0.6,False,False
eozfs7,t3_eozfs7,11,2,1.0,False,False
ep1nae,t3_ep1nae,0,2,1.0,False,False
ep2m3v,t3_ep2m3v,8,3,1.0,False,False
ep36hd,t3_ep36hd,9,7,0.89,False,False
ep4q52,t3_ep4q52,21,0,0.5,False,False
ep4snz,t3_ep4snz,8,0,0.5,False,False
ep5ghr,t3_ep5ghr,38,82,0.9,False,False
ep61zv,t3_ep61zv,2,0,0.5,False,False
ep79dy,t3_ep79dy,6,3,1.0,False,False
ep7fqh,t3_ep7fqh,3,0,0.33,False,False
ep7o4r,t3_ep7o4r,3,0,0.5,False,False
ep837v,t3_ep837v,3,2,0.75,False,False
ep8mgv,t3_ep8mgv,0,0,0.38,False,False
ep91l4,t3_ep91l4,6,0,0.4,False,False
ep9tcf,t3_ep9tcf,10,10,0.92,False,False
epboat,t3_epboat,33,8,0.75,False,False
epfj4g,t3_epfj4g,27,17,0.88,False,False
ephxlo,t3_ephxlo,5,0,0.43,False,False
epig4f,t3_epig4f,40,117,1.0,False,False
epkc07,t3_epkc07,8,6,0.81,False,False
eplkpx,t3_eplkpx,0,0,0.5,False,False
epnuwq,t3_epnuwq,6,2,0.75,False,False
epon77,t3_epon77,0,1,1.0,False,False
epoxjy,t3_epoxjy,3,1,0.67,False,False
epp1e1,t3_epp1e1,3,3,0.67,False,False
epp4zy,t3_epp4zy,70,46,0.87,False,False
eprd2u,t3_eprd2u,8,0,0.44,False,False
ept1o2,t3_ept1o2,2,2,1.0,False,False
epxkf0,t3_epxkf0,3,60,0.89,False,False
epzbnc,t3_epzbnc,17,3,0.8,False,False
eq00x4,t3_eq00x4,27,248,0.96,False,False
eq26vf,t3_eq26vf,12,2,1.0,False,False
eq2ct7,t3_eq2ct7,1,2,1.0,False,False
eq3itl,t3_eq3itl,6,2,0.75,False,False
eq5wm9,t3_eq5wm9,6,8,0.9,False,False
eq76s1,t3_eq76s1,2,1,1.0,False,False
eq84ps,t3_eq84ps,6,2,1.0,False,False
eqbgtj,t3_eqbgtj,4,1,1.0,False,False
eqdngh,t3_eqdngh,19,81,0.96,False,False
eqdx9s,t3_eqdx9s,18,15,0.86,False,False
eqef38,t3_eqef38,8,6,0.8,False,False
eqfbio,t3_eqfbio,0,1,1.0,False,False
eqfc8e,t3_eqfc8e,7,0,0.5,False,False
eqfonp,t3_eqfonp,2,2,1.0,False,False
eqfvog,t3_eqfvog,4,0,0.5,False,False
eqg12u,t3_eqg12u,27,308,0.91,False,False
eqh7lw,t3_eqh7lw,3,1,0.67,False,False
eqhou4,t3_eqhou4,6,2,0.67,False,False
eqi66q,t3_eqi66q,5,1,0.67,False,False
eqjxha,t3_eqjxha,0,1,1.0,False,False
eqknur,t3_eqknur,10,19,0.93,False,False
eqktnt,t3_eqktnt,5,14,0.82,False,False
eqr9ja,t3_eqr9ja,0,0,0.5,False,False
eqs05r,t3_eqs05r,26,102,0.76,False,False
eqt7o4,t3_eqt7o4,0,0,0.5,False,False
eqv5on,t3_eqv5on,5,3,1.0,False,False
eqy322,t3_eqy322,6,2,1.0,False,False
eqyc99,t3_eqyc99,2,0,0.17,False,False
eqzckv,t3_eqzckv,23,94,0.98,False,False
eqzolf,t3_eqzolf,8,4,0.75,False,False
er1vk1,t3_er1vk1,3,3,1.0,False,False
er3364,t3_er3364,0,1,1.0,False,False
er4e56,t3_er4e56,0,1,1.0,False,False
er4hgp,t3_er4hgp,1,0,0.5,False,False
er7r0b,t3_er7r0b,8,12,1.0,False,False
er9udi,t3_er9udi,4,0,0.13,False,False
erdirr,t3_erdirr,94,306,0.86,False,False
erg0mu,t3_erg0mu,7,1,0.66,False,False
erh0p6,t3_erh0p6,4,2,1.0,False,False
erh4m2,t3_erh4m2,11,2,1.0,False,False
erjyhl,t3_erjyhl,4,1,0.67,False,False
erkch4,t3_erkch4,6,1,1.0,False,False
ernenk,t3_ernenk,13,0,0.25,False,False
erojfi,t3_erojfi,3,5,0.86,False,False
erqj30,t3_erqj30,8,1,1.0,False,False
erqyds,t3_erqyds,0,1,1.0,False,False
erqyvh,t3_erqyvh,3,22,0.96,False,False
ers7o6,t3_ers7o6,106,50,0.84,False,False
ers8e3,t3_ers8e3,9,1,0.67,False,True
erse13,t3_erse13,3,1,0.6,False,False
ersy6g,t3_ersy6g,9,25,0.93,False,False
erv97o,t3_erv97o,6,3,0.67,False,False
ervgc1,t3_ervgc1,6,0,0.5,False,False
erwnp7,t3_erwnp7,18,3,0.67,False,False
erwsyq,t3_erwsyq,7,1,0.67,False,False
erzefg,t3_erzefg,2,4,0.67,False,False
es010q,t3_es010q,10,0,0.4,False,False
es03vd,t3_es03vd,47,67,0.86,False,False
es0bg0,t3_es0bg0,5,1,0.67,False,False
es0p4o,t3_es0p4o,2,2,1.0,False,False
es1ldz,t3_es1ldz,13,8,0.73,False,False
es39in,t3_es39in,1,0,0.43,False,False
es4ppw,t3_es4ppw,0,0,0.25,False,False
es69vj,t3_es69vj,6,0,0.29,False,False
es889t,t3_es889t,102,116,0.96,False,False
es941c,t3_es941c,9,6,0.88,False,False
es9xy5,t3_es9xy5,20,9,0.75,False,False
esccah,t3_esccah,5,0,0.4,False,False
esd6dt,t3_esd6dt,3,1,0.6,False,False
esdkxe,t3_esdkxe,6,2,0.76,False,False
esfp9s,t3_esfp9s,12,93,0.97,False,False
esg3ek,t3_esg3ek,2,1,0.67,False,False
esgog5,t3_esgog5,7,2,1.0,False,False
esh13o,t3_esh13o,2,1,1.0,False,False
esh5m8,t3_esh5m8,0,0,0.5,False,False
esht0l,t3_esht0l,5,5,1.0,False,False
eskx2c,t3_eskx2c,5,5,0.78,False,False
esmcao,t3_esmcao,1,1,1.0,False,False
esoj2j,t3_esoj2j,0,1,1.0,False,False
esrfno,t3_esrfno,54,143,0.97,False,False
ess2yx,t3_ess2yx,6,4,0.84,False,False
esvowf,t3_esvowf,2,0,0.5,False,False
esvpe8,t3_esvpe8,2,1,1.0,False,False
esvtnq,t3_esvtnq,4,4,0.84,False,False
eswri3,t3_eswri3,2,3,0.67,False,False
esxchf,t3_esxchf,0,1,1.0,False,False
esxjk5,t3_esxjk5,3,1,1.0,False,False
esy3lp,t3_esy3lp,7,1,0.6,False,False
esz8al,t3_esz8al,4,3,1.0,False,False
eszbah,t3_eszbah,0,3,1.0,False,False
et0m5f,t3_et0m5f,6,3,1.0,False,False
et1b93,t3_et1b93,23,19,0.81,False,False
et32kh,t3_et32kh,19,37,0.89,False,False
et53us,t3_et53us,8,4,1.0,False,False
et5xfp,t3_et5xfp,5,4,0.71,False,False
et8101,t3_et8101,7,3,0.8,False,False
et8nvb,t3_et8nvb,11,0,0.4,False,False
et8ti1,t3_et8ti1,7,84,0.9,False,False
et9otv,t3_et9otv,1,0,0.5,False,False
etcq8c,t3_etcq8c,6,1,0.67,False,False
etd4ub,t3_etd4ub,9,4,0.75,False,False
etd8dn,t3_etd8dn,17,2,0.75,False,False
eti3z5,t3_eti3z5,4,0,0.33,False,False
etjakf,t3_etjakf,7,1,0.56,False,False
etjnnq,t3_etjnnq,36,756,0.97,False,False
etk2zk,t3_etk2zk,26,14,0.94,False,False
etkdhq,t3_etkdhq,2,2,1.0,False,False
etkr99,t3_etkr99,2,0,0.33,False,False
etlgui,t3_etlgui,4,4,0.83,False,False
etm0n2,t3_etm0n2,4,0,0.33,False,False
etnd2p,t3_etnd2p,3,0,0.5,False,False
etnpvo,t3_etnpvo,7,1,0.56,False,False
etny1y,t3_etny1y,6,0,0.4,False,False
etqy8m,t3_etqy8m,7,0,0.4,False,False
etr5bo,t3_etr5bo,3,0,0.5,False,False
etrc61,t3_etrc61,3,0,0.5,False,False
ettf1u,t3_ettf1u,14,0,0.48,False,False
etu8wb,t3_etu8wb,13,31,0.91,False,False
etzm0y,t3_etzm0y,4,5,0.73,False,False
eu3wjr,t3_eu3wjr,0,9,0.92,False,False
eu4urz,t3_eu4urz,25,127,0.94,False,False
eu51f0,t3_eu51f0,12,0,0.22,False,False
eu6af5,t3_eu6af5,3,0,0.5,False,False
eu71r9,t3_eu71r9,7,2,0.75,False,False
eu88r3,t3_eu88r3,22,8,0.7,False,False
eu8uhf,t3_eu8uhf,5,2,1.0,False,False
euaocz,t3_euaocz,9,8,1.0,False,False
euayin,t3_euayin,1,3,0.71,False,False
eudeo4,t3_eudeo4,5,2,0.75,False,False
eudnd8,t3_eudnd8,16,74,0.95,False,False
eui2vv,t3_eui2vv,121,117,0.88,False,False
eum9be,t3_eum9be,40,20,0.85,False,False
eumkip,t3_eumkip,3,6,0.81,False,False
eund6n,t3_eund6n,5,4,0.84,False,False
eungch,t3_eungch,16,44,0.76,False,False
euohrn,t3_euohrn,2,0,0.37,False,False
eup4xh,t3_eup4xh,8,2,0.62,False,False
euvw2v,t3_euvw2v,0,2,1.0,False,False
euwfck,t3_euwfck,4,1,0.6,False,False
euxaml,t3_euxaml,8,16,0.87,False,False
euzrqm,t3_euzrqm,33,96,0.97,False,False
ev2ijj,t3_ev2ijj,10,3,0.72,False,False
ev49l8,t3_ev49l8,31,127,0.95,False,False
ev5srt,t3_ev5srt,16,9,0.8,False,False
ev5uvs,t3_ev5uvs,11,8,0.62,False,False
ev6cdx,t3_ev6cdx,4,6,0.88,False,False
ev7ja0,t3_ev7ja0,12,16,0.95,False,False
ev7xgs,t3_ev7xgs,21,10,0.79,False,False
ev7zmn,t3_ev7zmn,0,1,1.0,False,False
ev86zg,t3_ev86zg,8,2,1.0,False,False
ev8izs,t3_ev8izs,1,5,0.86,False,False
ev9vn5,t3_ev9vn5,9,0,0.5,False,False
evav0e,t3_evav0e,1,0,0.5,False,False
evd4mm,t3_evd4mm,1,1,0.67,False,False
evf7bq,t3_evf7bq,9,4,0.71,False,False
evfp8i,t3_evfp8i,4,1,0.6,False,False
evgtms,t3_evgtms,17,294,0.99,False,False
evgvnq,t3_evgvnq,0,1,0.55,False,False
evksty,t3_evksty,3,3,1.0,False,False
evkvqo,t3_evkvqo,1,23,1.0,False,False
evkw85,t3_evkw85,6,2,0.63,False,False
evl72s,t3_evl72s,1,1,1.0,False,False
evn5kh,t3_evn5kh,5,8,0.9,False,False
evn98d,t3_evn98d,5,8,0.91,False,False
evofvl,t3_evofvl,5,6,0.88,False,False
evoww2,t3_evoww2,6,6,0.87,False,False
evoys9,t3_evoys9,13,101,0.97,False,False
evswbz,t3_evswbz,13,6,0.81,False,False
evvg4c,t3_evvg4c,6,1,0.57,False,False
evvvd5,t3_evvvd5,7,0,0.5,False,False
evvvrm,t3_evvvrm,14,13,0.89,False,False
evwzcm,t3_evwzcm,6,0,0.11,False,False
ew2pwx,t3_ew2pwx,14,76,0.96,False,False
ew5w4j,t3_ew5w4j,9,1,0.6,False,False
ew8kas,t3_ew8kas,48,193,0.97,False,False
ew90um,t3_ew90um,8,3,0.81,False,False
ewagaw,t3_ewagaw,6,1,0.6,False,False
ewangu,t3_ewangu,4,0,0.5,False,False
ewbs68,t3_ewbs68,3,0,0.5,False,False
ewc257,t3_ewc257,4,0,0.25,False,False
ewfndy,t3_ewfndy,5,20,0.96,False,False
ewfnir,t3_ewfnir,2,1,0.67,False,False
ewfssc,t3_ewfssc,6,2,0.67,False,False
ewkvg5,t3_ewkvg5,0,0,0.2,False,False
ewlb17,t3_ewlb17,17,36,0.81,False,False
ewmh8c,t3_ewmh8c,4,6,0.72,False,False
ewmj1x,t3_ewmj1x,3,1,0.6,False,False
ewmxrm,t3_ewmxrm,38,6,0.87,False,False
ewo62w,t3_ewo62w,36,236,0.86,False,False
ewovez,t3_ewovez,4,1,0.67,False,False
ewswgj,t3_ewswgj,1,0,0.2,False,False
ewtm4i,t3_ewtm4i,21,41,0.83,False,False
ewurxk,t3_ewurxk,7,1,0.54,False,False
ewy4lh,t3_ewy4lh,5,0,0.43,False,False
ex1vlv,t3_ex1vlv,23,65,0.91,False,False
ex44tp,t3_ex44tp,2,5,0.73,False,False
ex482s,t3_ex482s,13,2,0.67,False,False
ex5k1t,t3_ex5k1t,2,1,0.67,False,False
ex6wme,t3_ex6wme,15,0,0.5,False,False
ex9m6c,t3_ex9m6c,2,0,0.5,False,False
exatlc,t3_exatlc,13,132,0.96,False,False
exax0v,t3_exax0v,11,0,0.5,False,False
exr3rt,t3_exr3rt,5,9,0.66,False,False
exuvis,t3_exuvis,2,8,0.59,False,False
exv3qa,t3_exv3qa,8,1,0.6,False,False
exvvil,t3_exvvil,27,26,0.93,False,False
exxms1,t3_exxms1,2,1,0.66,False,False
exyufz,t3_exyufz,5,0,0.2,False,False
exz3ik,t3_exz3ik,48,210,0.96,False,False
ey1f62,t3_ey1f62,4,0,0.5,False,False
ey2755,t3_ey2755,3,0,0.5,False,False
ey2pz1,t3_ey2pz1,32,93,0.94,False,False
ey4mlp,t3_ey4mlp,46,214,1.0,False,False
ey54h0,t3_ey54h0,5,2,0.76,False,False
ey78p3,t3_ey78p3,26,14,0.79,False,False
ey7fjk,t3_ey7fjk,4,4,0.83,False,False
ey90gp,t3_ey90gp,0,1,1.0,False,False
ey90xf,t3_ey90xf,0,1,1.0,False,False
ey91bd,t3_ey91bd,63,70,0.9,False,False
eybjoo,t3_eybjoo,4,5,1.0,False,False
eyc2vc,t3_eyc2vc,5,3,0.8,False,False
eyciuq,t3_eyciuq,2,3,0.72,False,False
eydu6p,t3_eydu6p,9,2,0.75,False,False
eyelx2,t3_eyelx2,20,0,0.33,False,False
eyg29y,t3_eyg29y,5,9,0.85,False,False
eygx5h,t3_eygx5h,7,0,0.4,False,False
eykbhh,t3_eykbhh,9,13,0.89,False,False
eymybq,t3_eymybq,5,0,0.38,False,False
eyoapq,t3_eyoapq,4,0,0.44,False,False
eyou4m,t3_eyou4m,58,146,0.94,False,False
eypcrx,t3_eypcrx,9,1,0.6,False,False
eypd98,t3_eypd98,3,2,0.63,False,False
eyqzq6,t3_eyqzq6,27,2,0.56,False,False
eyrzge,t3_eyrzge,8,0,0.25,False,False
eyuqc2,t3_eyuqc2,14,0,0.42,False,False
eyw4rj,t3_eyw4rj,7,3,0.67,False,False
eyyvnb,t3_eyyvnb,8,0,0.33,False,False
ez3v0k,t3_ez3v0k,5,2,1.0,False,False
ez3vdl,t3_ez3vdl,0,0,0.5,False,False
ez6pbp,t3_ez6pbp,195,284,0.96,False,False
ez8gqv,t3_ez8gqv,2,3,1.0,False,False
eza2a5,t3_eza2a5,7,0,0.5,False,False
ezi3uq,t3_ezi3uq,0,2,1.0,False,False
ezirpr,t3_ezirpr,0,1,1.0,False,False
ezislr,t3_ezislr,31,295,0.99,False,False
ezj34l,t3_ezj34l,20,12,0.93,False,False
ezkg7u,t3_ezkg7u,8,2,0.75,False,False
eznorq,t3_eznorq,8,0,0.5,False,False
eznq5h,t3_eznq5h,9,0,0.25,False,False
eznx3t,t3_eznx3t,3,1,0.6,False,False
ezoolg,t3_ezoolg,5,0,0.5,False,False
ezq0iy,t3_ezq0iy,1,3,0.8,False,False
ezqr53,t3_ezqr53,0,1,1.0,False,False
ezsla7,t3_ezsla7,10,0,0.35,False,False
ezyd4w,t3_ezyd4w,6,8,0.84,False,False
ezyv97,t3_ezyv97,13,16,0.8,False,False
ezzxyh,t3_ezzxyh,4,13,0.78,False,False
f06pzo,t3_f06pzo,10,24,0.84,False,False
f078e6,t3_f078e6,4,3,0.71,False,False
f07w9q,t3_f07w9q,4,1,0.67,False,False
f08jo7,t3_f08jo7,6,9,0.91,False,False
f09zs0,t3_f09zs0,5,2,0.75,False,False
f0askz,t3_f0askz,1,0,0.29,False,False
f0b710,t3_f0b710,16,26,0.83,False,False
f0bd8k,t3_f0bd8k,3,0,0.5,False,False
f0d138,t3_f0d138,7,0,0.44,False,False
f0hcg9,t3_f0hcg9,7,1,0.6,False,False
f0hd0p,t3_f0hd0p,8,19,0.95,False,False
f0hfg3,t3_f0hfg3,12,2,0.75,False,False
f0iwrk,t3_f0iwrk,39,270,0.99,False,False
f0mk29,t3_f0mk29,3,0,0.05,False,False
f0opl8,t3_f0opl8,3,0,0.33,False,False
f0oqx2,t3_f0oqx2,3,3,0.67,False,False
f0pazr,t3_f0pazr,5,0,0.33,False,False
f0q388,t3_f0q388,5,2,0.75,False,False
f0q4vg,t3_f0q4vg,29,1,0.57,False,False
f0rvva,t3_f0rvva,24,75,0.92,False,False
f0s207,t3_f0s207,18,1,0.67,False,False
f0v9bp,t3_f0v9bp,3,5,0.78,False,False
f0wam8,t3_f0wam8,21,263,0.95,False,False
f0whzb,t3_f0whzb,8,8,0.91,False,False
f0zuzg,t3_f0zuzg,11,5,0.73,False,False
f121bs,t3_f121bs,2,1,0.6,False,False
f12whl,t3_f12whl,30,386,0.97,False,False
f141s6,t3_f141s6,0,10,0.92,False,False
f166bh,t3_f166bh,3,2,1.0,False,False
f16av3,t3_f16av3,0,1,1.0,False,False
f17e0h,t3_f17e0h,0,2,1.0,False,False
f17u1c,t3_f17u1c,8,16,1.0,False,False
f1a2vj,t3_f1a2vj,10,2,0.63,False,False
f1bsd6,t3_f1bsd6,0,1,1.0,False,False
f1c2yx,t3_f1c2yx,16,112,0.97,False,False
f1eb14,t3_f1eb14,13,0,0.44,False,False
f1ekec,t3_f1ekec,7,1,1.0,False,False
f1gt8l,t3_f1gt8l,6,3,0.72,False,False
f1i5dv,t3_f1i5dv,3,1,0.66,False,False
f1ml99,t3_f1ml99,4,1,0.66,False,False
f1ocsc,t3_f1ocsc,10,0,0.5,False,False
f1q0l5,t3_f1q0l5,16,49,0.85,False,False
f1rqe6,t3_f1rqe6,5,22,0.89,False,False
f1sfmq,t3_f1sfmq,4,7,0.73,False,False
f1u1nk,t3_f1u1nk,1,1,1.0,False,False
f1v72t,t3_f1v72t,1,5,0.86,False,False
f1veaz,t3_f1veaz,25,166,0.96,False,False
f1vehg,t3_f1vehg,3,0,0.5,False,False
f1w6f6,t3_f1w6f6,5,4,0.75,False,False
f1yez9,t3_f1yez9,17,1,0.67,False,False
f21bve,t3_f21bve,0,0,0.33,False,False
f21cda,t3_f21cda,0,0,0.5,False,False
f21yey,t3_f21yey,4,2,0.75,False,False